NSE Symbol,Yahoo Code,Security Name
3IINFOTECH,3IINFOTEC.NS,3i Infotech Limited
ADVANIHOTR,ADVANIHOT.NS,Advani Hotels & Resorts (India) Limited
AICHAMP,AICHAMP.NS,AI Champdany Industries Limited
ALLSEC,ALLSEC.NS,Allsec Technologies Limited
ALPHAGEO,ALPHAGEO.NS,Alphageo (India) Limited
ALPINEHOU,ALPINEHOU.NS,Alpine Housing Development Corporation Limited
AMARJOTHI,AMARJOTHI.NS,Amarjothi Spinning Mills Limited
AMLSTEEL,AMLSTEEL.NS,AML Steel Limited
ANKURDRUGS,ANKURDRUG.NS,Ankur Drugs And Pharma Limited
ANTGRAPHIC,ANTGRAPHI.NS,Antarctica Limited
ARIHANT,ARIHANT.NS,Arihant Foundations & Housing Limited
ARROWTEX,ARROWTEX.NS,Arrow Textiles Limited
ASHAPURMIN,ASHAPURMI.NS,Ashapura Minechem Limited
ASHCONIUL,ASHCONIUL.NS,Ashco Niulab Industries Limited
ASHIMASYN,ASHIMASYN.NS,Ashima Limited
ASIANELEC,ASIANELEC.NS,Asian Electronics Limited
ASIL,ASIL.NS,Amit Spinning Industries Limited
AUSOMENT,AUSOMENT.NS,Ausom Enterprise Limited
AUSTRAL,AUSTRAL.NS,Austral Coke & Projects Limited
BAGFILMS,BAGFILMS.NS,B.A.G Films and Media Limited
BANARBEADS,BANARBEAD.NS,Banaras Beads Limited
BANG,BANG.NS,Bang Overseas Limited
BEARDSELL,BEARDSELL.NS,Beardsell Limited
BEDMUTHA,BEDMUTHA.NS,Bedmutha Industries Limited
BILPOWER,BILPOWER.NS,Bilpower Limited
BIRLACOT,BIRLACOT.NS,Birla Cotsyn (India) Limited
BLBLIMITED,BLBLIMITE.NS,BLB Limited
BLUECOAST,BLUECOAST.NS,Blue Coast Hotels Limited
BODALCHEM,BODALCHEM.NS,Bodal Chemicals Limited
BODHTREE,BODHTREE.NS,Bodhtree Consulting Limited
BROOKS,BROOKS.NS,Brooks Laboratories Limited
CALSOFT,CALSOFT.NS,California Software Company Limited
CCCL,CCCL.NS,Consolidated Construction Consortium Limited
CELESTIAL,CELESTIAL.NS,Celestial Biolabs Limited
CHESLINTEX,CHESLINTE.NS,Cheslind Textiles Limited
CINEVISTA,CINEVISTA.NS,Cinevistaas Limited
CLUTCHAUTO,CLUTCHAUT.NS,Clutch Auto Limited
COROENGG,COROENGG.NS,Coromandel Engineering Company Limited
CURATECH,CURATECH.NS,Cura Technologies Limited
CYBERMEDIA,CYBERMEDI.NS,Cyber Media (India) Limited
DBREALTY,DBREALTY.NS,D B Realty Limited
DECOLIGHT,DECOLIGHT.NS,Decolight Ceramics Limited
DELTAMAGNT,DELTAMAGN.NS,Delta Magnets Limited
DHANUS,DHANUS.NS,Dhanus Technologies Limited
DHUNINV,DHUNINV.NS,Dhunseri Investments Limited
DSSL,DSSL.NS,Dynacons Systems & Solutions Limited
DWARKESH,DWARKESH.NS,Dwarikesh Sugar Industries Limited
EDSERV,EDSERV.NS,Edserv Softsystems Limited
ELECTHERM,ELECTHERM.NS,Electrotherm (India) Limited
ELNET,ELNET.NS,Elnet Technologies Limited
EMAMIINFRA,EMAMIINFR.NS,Emami Infrastructure Limited
EMKAY,EMKAY.NS,Emkay Global Financial Services Limited
EMPEESUG,EMPEESUG.NS,Empee Sugars and Chemicals Limited
ENTEGRA,ENTEGRA.NS,Entegra Limited
EUROCERA,EUROCERA.NS,Euro Ceramics Limited
FCSSOFT,FCSSOFT.NS,FCS Software Solutions Limited
GANGOTRI,GANGOTRI.NS,Gangotri Textiles Limited
GISOLUTION,GISOLUTIO.NS,GI Engineering Solutions Limited
GKWLIMITED,GKWLIMITE.NS,GKW Limited
GLFL,GLFL.NS,Gujarat Lease Financing Limited
GUFICBIO,GUFICBIO.NS,Gufic Biosciences Limited
GUJSTATFIN,GUJSTATFI.NS,Gujarat State Financial Corporation
HBLPOWER,HBLPOWER.NS,HBL Power Systems Limited
HINDMOTORS,HINDMOTOR.NS,Hindustan Motors Limited
HINDSYNTEX,HINDSYNTE.NS,Hind Syntex Limited
HITACHIHOM,HITACHIHO.NS,Hitachi Home and Life Solutions (India) Limited
HOTELRUGBY,HOTELRUGB.NS,Hotel Rugby Limited
IBSEC,IBSEC.NS,Indiabulls Securities Limited
IITL,IITL.NS,Industrial Investment Trust Limited
INDOSOLAR,INDOSOLAR.NS,Indosolar Limited
INFINITE,INFINITE.NS,Infinite Computer Solutions (India) Limited
INFODRIVE,INFODRIVE.NS,Info-Drive Software Limited
IOLN,IOLN.NS,IOL Netcom Limited
JAIBALAJI,JAIBALAJI.NS,Jai Balaji Industries Limited
JCTEL,JCTEL.NS,JCT Electronics Limited
JDORGOCHEM,JDORGOCHE.NS,JD Orgochem Limited
JEYPORE,JEYPORE.NS,The Jeypore Sugar Company Limited
JUPITER,JUPITER.NS,Jupiter Bioscience Limited
KALYANIFRG,KALYANIFR.NS,Kalyani Forge Limited
KANANIIND,KANANIIND.NS,Kanani Industries Limited
KANDAGIRI,KANDAGIRI.NS,Kandagiri Spinning Mills Limited
KARMAENG,KARMAENG.NS,Karma Energy Limited
KARURKCP,KARURKCP.NS,Karur K.C.P. Packkagings Limited
KAUSHALYA,KAUSHALYA.NS,Kaushalya Infrastructure Development Corporation Limited
KESARENT,KESARENT.NS,Kesar Enterprises Limited
KEYCORPSER,KEYCORPSE.NS,Keynote Corporate Services Limited
KHAITANLTD,KHAITANLT.NS,Khaitan (India) Limited
KIRIINDUS,KIRIINDUS.NS,Kiri Industries Limited
KLGSYSTEL,KLGSYSTEL.NS,KLG Systel Limited
KOPDRUGS,KOPDRUGS.NS,KDL Biotech Limited
KOTARISUG,KOTARISUG.NS,Kothari Sugars And Chemicals Limited
KOVAI,KOVAI.NS,Kovai Medical Center & Hospital Limited
KTIL,KTIL.NS,Kesar Terminals & Infrastructure Limited
LAKSHMIFIN,LAKSHMIFI.NS,The Lakshmi Finance & Industrial Corporation Limited
LIBERTSHOE,LIBERTSHO.NS,Liberty Shoes Limited
LIQUIDBEES,LIQUIDBEE.NS,Benchmark Asset Management Company Private Limited
LLOYDSTEEL,LLOYDSTEE.NS,Lloyds Steel Industries Limited
LYKALABS,LYKALABS.NS,Lyka Labs Limited
MAANALU,MAANALU.NS,Maan Aluminium Limited
MALWACOTT,MALWACOTT.NS,Malwa Cotton Spg. Mills Limited
MARKSANS,MARKSANS.NS,Marksans Pharma Limited
MAWANASUG,MAWANASUG.NS,Mawana Sugars Limited
MBSWITCH,MBSWITCH.NS,M AND B Switchgears Limited
MCDHOLDING,MCDHOLDIN.NS,McDowell Holdings Limited
MELSTAR,MELSTAR.NS,Melstar Information Technologies Limited
MINDACORP,MINDACORP.NS,Minda Corporation Limited
MORARJETEX,MORARJETE.NS,Morarjee Textiles Limited
NAGREEKCAP,NAGREEKCA.NS,Nagreeka Capital & Infrastructure Limited
NCOPPER,NCOPPER.NS,Nissan Copper Limited
NEOCURE,NEOCURE.NS,Neocure Therapeutics Limited
NOL,NOL.NS,National Oxygen Limited
NOVOPANIND,NOVOPANIN.NS,Novopan Industries Limited
NUCENT,NUCENT.NS,Nucent Finance Limited
OSWALMIN,OSWALMIN.NS,Oswal Minerals Limited
OUDHSUG,OUDHSUG.NS,The Oudh Sugar Mills Limited
PANCHSHEEL,PANCHSHEE.NS,Panchsheel Organics Limited
PARRYSUGAR,PARRYSUGA.NS,Parrys Sugar Industries Limited
PATSPINLTD,PATSPINLT.NS,Patspin India Limited
PEARLPOLY,PEARLPOLY.NS,Pearl Polymers Limited
PILANIINV,PILANIINV.NS,Pilani Investment and Industries Corporation Limited
PIRLIFE,PIRLIFE.NS,Piramal Life Sciences Limited
PRAENG,PRAENG.NS,Prajay Engineers Syndicate Limited
PRITHVISOF,PRITHVISO.NS,Prithvi Softech Limited
PVP,PVP.NS,PVP Ventures Limited
QUINTEGRA,QUINTEGRA.NS,Quintegra Solutions Limited
RAIREKMOH,RAIREKMOH.NS,Raisaheb Reckhchand Mohota Spinning & Weaving Mills Limited
RAJSREESUG,RAJSREESU.NS,Rajshree Sugars & Chemicals Limited
RAMKY,RAMKY.NS,Ramky Infrastructure Limited
RANASUG,RANASUG.NS,Rana Sugars Limited
RANKLIN,RANKLIN.NS,Ranklin Solutions Limited
REGENCERAM,REGENCERA.NS,Regency Ceramics Limited
REISIXTEN,REISIXTEN.NS,REI Six Ten Retail Limited
REMSONSIND,REMSONSIN.NS,Remsons Industries Limited
RMMIL,RMMIL.NS,Resurgere Mines & Minerals Limited
RPGLIFE,RPGLIFE.NS,RPG Life Sciences Limited
RSWM,RSWM.NS,RSWM Limited
SABERORGAN,SABERORGA.NS,Sabero Organics Gujarat Limited
SAKHTISUG,SAKHTISUG.NS,Sakthi Sugars Limited
SAKTHIFIN,SAKTHIFIN.NS,Sakthi Finance Limited
SALONACOT,SALONACOT.NS,Salona Cotspin Limited
SAMBHAAV,SAMBHAAV.NS,Sambhaav Media Limited
SAMTEL,SAMTEL.NS,Samtel Color Limited
SARTHAKIND,SARTHAKIN.NS,Sarthak Industries Limited
SEZAL,SEZAL.NS,Sezal Glass Limited
SGFL,SGFL.NS,Shree Ganesh Forgings Limited
SGL,SGL.NS,STL Global Limited
SHAHALLOYS,SHAHALLOY.NS,Shah Alloys Limited
SHALPAINTS,SHALPAINT.NS,Shalimar Paints Limited
SHANTIGEAR,SHANTIGEA.NS,Shanthi Gears Limited
SHREYANIND,SHREYANIN.NS,Shreyans Industries Limited
SHREYAS,SHREYAS.NS,Shreyas Shipping & Logistics Limited
SHRINATRAJ,SHRINATRA.NS,Shri Nataraj Ceramic and Chemical Industries Limited
SIL,SIL.NS,Standard Industries Limited
SIMBHSUGAR,SIMBHSUGA.NS,Simbhaoli Sugars Limited
SOMATEX,SOMATEX.NS,Soma Textiles & Industries Limited
SPENTEX,SPENTEX.NS,Spentex Industries Limited
SPLIL,SPLIL.NS,SPL Industries Limited
SRGINFOTEC,SRGINFOTE.NS,SRG Infotec (India) Limited
SRICHAMUND,SRICHAMUN.NS,Sri Chamundeswari Sugars Limited
STERLINBIO,STERLINBI.NS,Sterling Biotech Limited
STINDIA,STINDIA.NS,STI India Limited
SUPERSPIN,SUPERSPIN.NS,Super Spinning Mills Limited
SUPREMETEX,SUPREMETE.NS,Supreme Tex Mart Limited
SURANACORP,SURANACOR.NS,Surana Corporation Limited
SURYAPHARM,SURYAPHAR.NS,Surya Pharmaceutical Limited
TAINWALCHM,TAINWALCH.NS,Tainwala Chemical and Plastic (I) Limited
TAKE,TAKE.NS,Take Solutions Limited
TAKSHEEL,TAKSHEEL.NS,Taksheel Solutions Limited
TARAPUR,TARAPUR.NS,Tarapur Transformers Limited
TCPLTD,TCPLTD.NS,TCP Limited
TELEDATAIT,TELEDATAI.NS,Teledata Technology Solutions Limited
TEXMOPIPES,TEXMOPIPE.NS,Texmo Pipes and Products Limited
THIRUSUGAR,THIRUSUGA.NS,Thiru Arooran Sugars Limited
TIMESGTY,TIMESGTY.NS,Times Guaranty Limited
TNTELE,TNTELE.NS,Tamilnadu Telecommunication Limited
TRICOM,TRICOM.NS,Tricom India Limited
TTL,TTL.NS,T T Limited
UMESLTD,UMESLTD.NS,Usha Martin Education & Solutions Limited
UNIPLY,UNIPLY.NS,Uniply Industries Limited
UNITEDTEA,UNITEDTEA.NS,The United Nilgiri Tea Estates Company Limited
UPERGANGES,UPERGANGE.NS,Upper Ganges Sugar & Industries Limited
UTTAMSUGAR,UTTAMSUGA.NS,Uttam Sugar Mills Limited
V2RETAIL,V2RETAIL.NS,V2 Retail Limited
VARDMNPOLY,VARDMNPOL.NS,Vardhman Polytex Limited
VARUN,VARUN.NS,Varun Industries Limited
VIMTALABS,VIMTALABS.NS,Vimta Labs Limited
VINYLINDIA,VINYLINDI.NS,Vinyl Chemicals (India) Limited
VKSPL,VKSPL.NS,VKS Projects Limited
VTMLTD,VTMLTD.NS,VTM Limited
WALCHANNAG,WALCHANNA.NS,Walchandnagar Industries Limited
WEBELSOLAR,WEBELSOLA.NS,Websol Energy System Limited
WEIZFOREX,WEIZFOREX.NS,Weizmann Forex Limited
WELGLOB,WELGLOB.NS,Welspun Global Brands Limited
WELPROJ,WELPROJ.NS,Welspun Projects Limited
ZEENEWS,ZEENEWS.NS,Zee News Limited
ZENITHEXPO,ZENITHEXP.NS,Zenith Exports Limited
AKSHOPTFBR,AKSHOPTFB.NS,Aksh Optifibre Limited
ANGIND,ANGIND.NS,ANG Industries Limited
ARCHIDPLY,ARCHIDPLY.NS,Archidply Industries Limited
AROGRANITE,AROGRANIT.NS,Aro Granite Industries Limited
ARSSINFRA,ARSSINFRA.NS,ARSS Infrastructure Projects Limited
ASIANTILES,ASIANTILE.NS,Asian Granito India Limited
ATLASCYCLE,ATLASCYCL.NS,Atlas Cycles (Haryana) Limited
BECREL,BECREL.NS,Best & Crompton Engg. Limited
BGLOBAL,BGLOBAL.NS,Bharatiya Global Infomedia Limited
BHARATGEAR,BHARATGEA.NS,Bharat Gears Limited
BILENERGY,BILENERGY.NS,Bil Energy Systems Limited
BINDALAGRO,BINDALAGR.NS,Oswal Chemicals & Fertilizers Limited
BROADCAST,BROADCAST.NS,Broadcast Initiatives Limited
BSL,BSL.NS,BSL Limited
BVCL,BVCL.NS,Barak Valley Cements Limited
CELEBRITY,CELEBRITY.NS,Celebrity Fashions Limited
CTE,CTE.NS,Cambridge Technology Enterprises Limited
CUBEXTUB,CUBEXTUB.NS,Cubex Tubings Limited
DCM,DCM.NS,DCM Limited
EASUNREYRL,EASUNREYR.NS,Easun Reyrolle Limited
FAME,FAME.NS,Fame India Limited
FARMAXIND,FARMAXIND.NS,Farmax India Limited
GKB,GKB.NS,GKB Ophthalmics Limited
GOLDENTOBC,GOLDENTOB.NS,Golden Tobacco Limited
GTNIND,GTNIND.NS,GTN Industries Limited
GTNTEX,GTNTEX.NS,GTN Textiles Limited
HALONIX,HALONIX.NS,Halonix Limited
HBSTOCK,HBSTOCK.NS,HB Stockholdings Limited
HEXATRADEX,HEXATRADE.NS,Hexa Tradex Limited
HILTON,HILTON.NS,Hilton Metal Forging Limited
HINDDORROL,HINDDORRO.NS,Hindustan Dorr-Oliver Limited
IBWSL,IBWSL.NS,Indiabulls Wholesale Services Limited
ICIL,ICIL.NS,Indo Count Industries Limited
IFBAGRO,IFBAGRO.NS,IFB Agro Industries Limited
IGPL,IGPL.NS,IG Petrochemicals Limited
IMPEXFERRO,IMPEXFERR.NS,Impex Ferro Tech Limited
INDIANCARD,INDIANCAR.NS,Indian Card Clothing Company Limited
INVENTURE,INVENTURE.NS,Inventure Growth & Securities Limited
IVP,IVP.NS,IVP Limited
IVRCLAH,IVRCLAH.NS,IVRCL Assets & Holdings Limited
JAINSTUDIO,JAINSTUDI.NS,Jain Studios Limited
JIKIND,JIKIND.NS,JIK Industries Limited
JINDWORLD,JINDWORLD.NS,Jindal Worldwide Limited
JUMBO,JUMBO.NS,Jumbo Bag Limited
KAKATCEM,KAKATCEM.NS,Kakatiya Cement Sugar & Industries Limited
KHANDSE,KHANDSE.NS,Khandwala Securities Limited
KITPLYIND,KITPLYIND.NS,Kitply Industries Limited
KLRF,KLRF.NS,KLRF Limited
KRISHNAENG,KRISHNAEN.NS,Krishna Engineering Works Limited
KRITIIND,KRITIIND.NS,Kriti Industries (India) Limited
KSK,KSK.NS,KSK Energy Ventures Limited
LUMAXAUTO,LUMAXAUTO.NS,Lumax Automotive Systems Limited
MAITHANALL,MAITHANAL.NS,Maithan Alloys Limited
MALUPAPER,MALUPAPER.NS,Malu Paper Mills Limited
MANAPPURAM,MANAPPURA.NS,Manappuram Finance Limited
MANGLMCEM,MANGLMCEM.NS,Mangalam Cement Limited
MARALOVER,MARALOVER.NS,Maral Overseas Limited
MUDRA,MUDRA.NS,Mudra Lifestyle Limited
MUNJALAU,MUNJALAU.NS,Munjal Auto Industries Limited
NCLIND,NCLIND.NS,NCL Industries Limited
NEHAINT,NEHAINT.NS,Neha International Limited
NEOCORP,NEOCORP.NS,Neo Corp International Limited
NEULANDLAB,NEULANDLA.NS,Neuland Laboratories Limited
NSIL,NSIL.NS,Nalwa Sons Investments Limited
NUTEK,NUTEK.NS,Nu Tek India Limited
PANASONIC,PANASONIC.NS,Panasonic Home Appliances India Company Limited
PARAL,PARAL.NS,Parekh Aluminex Limited
PBAINFRA,PBAINFRA.NS,PBA Infrastructure Limited
PDUMJEIND,PDUMJEIND.NS,Pudumjee Industries Limited
PEACOCKIND,PEACOCKIN.NS,Peacock Industries Limited
PERIATEA,PERIATEA.NS,The Peria Karamalai Tea & Produce Company Limited
PGEL,PGEL.NS,PG Electroplast Limited
PGIL,PGIL.NS,Pearl Global Industries Limited
PIONDIST,PIONDIST.NS,Pioneer Distilleries Limited
PIONEEREMB,PIONEEREM.NS,Pioneer Embroideries Limited
POLARIND,POLARIND.NS,Polar Industries Limited
PRICOL,PRICOL.NS,Pricol Limited
PROVOGE,PROVOGE.NS,Provogue (India) Limited
RAJRAYON,RAJRAYON.NS,Raj Rayon Industries Limited
RASOYPR,RASOYPR.NS,Rasoya Proteins Limited
REFEX,REFEX.NS,Refex Refrigerants Limited
RSSOFTWARE,RSSOFTWAR.NS,R. S. Software (India) Limited
SANWARIA,SANWARIA.NS,Sanwaria Agro Oils Limited
SELMCL,SELMCL.NS,SEL Manufacturing Company Limited
SHILPI,SHILPI.NS,Shilpi Cable Technologies Limited
SHIVAMAUTO,SHIVAMAUT.NS,Shivam Autotech Limited
SHIVTEX,SHIVTEX.NS,Shiva Texyarn Limited
SMOBILITY,SMOBILITY.NS,S Mobility Limited
SPYL,SPYL.NS,Shekhawati Poly-Yarn Limited
SRHHYPOLTD,SRHHYPOLT.NS,Sree Rayalaseema Hi-Strength Hypo Limited
STARPAPER,STARPAPER.NS,Star Paper Mills Limited
STOREONE,STOREONE.NS,Store One Retail India Limited
SUJANATOW,SUJANATOW.NS,Sujana Tower Limited
SURYAJYOTI,SURYAJYOT.NS,Suryajyoti Spinning Mills Limited
SWELECTES,SWELECTES.NS,Swelect Energy Systems Limited
TANFACIND,TANFACIND.NS,Tanfac Industries Limited
TCIFINANCE,TCIFINANC.NS,TCI Finance Limited
TFL,TFL.NS,Transwarranty Finance Limited
THINKSOFT,THINKSOFT.NS,Thinksoft Global Services Limited
THOMASCOTT,THOMASCOT.NS,Thomas Scott (India) Limited
TIRUMALCHM,TIRUMALCH.NS,Thirumalai Chemicals Limited
VICEROY,VICEROY.NS,Viceroy Hotels Limited
VIJSHAN,VIJSHAN.NS,Vijay Shanthi Builders Limited
VLSFINANCE,VLSFINANC.NS,VLS Finance Limited
WANBURY,WANBURY.NS,Wanbury Limited
WEIZMANIND,WEIZMANIN.NS,Weizmann Limited
WELINV,WELINV.NS,Welspun Investments and Commercials Limited
WELSPUNIND,WELSPUNIN.NS,Welspun India Limited
WINDMACHIN,WINDMACHI.NS,Windsor Machines Limited
WINSOME,WINSOME.NS,Winsome Yarns Limited
WSI,WSI.NS,W S Industries (I) Limited
WWIL,WWIL.NS,Wire and Wireless (India) Limited
ZEELEARN,ZEELEARN.NS,Zee Learn Limited
ZENITHCOMP,ZENITHCOM.NS,Zenith Computers Limited
ZODJRDMKJ,ZODJRDMKJ.NS,Zodiac JRD- MKJ Limited
20MICRONS,20MICRONS.NS,20 Microns Limited
3MINDIA,3MINDIA.NS,3M India Limited
A2ZMES,A2ZMES.NS,A2Z Maintenance & Engineering Services Limited
AANJANEYA,AANJANEYA.NS,Aanjaneya Lifecare Limited
AARTIDRUGS,AARTIDRUG.NS,Aarti Drugs Limited
AARTIIND,AARTIIND.NS,Aarti Industries Limited
AARVEEDEN,AARVEEDEN.NS,Aarvee Denims & Exports Limited
ABBOTINDIA,ABBOTINDI.NS,Abbott India Limited
ABCIL,ABCIL.NS,Aditya Birla Chemicals (India) Limited
ABGSHIP,ABGSHIP.NS,ABG Shipyard Limited
ABHISHEK,ABHISHEK.NS,Abhishek Corporation Limited
ACE,ACE.NS,Action Construction Equipment Limited
ACROPETAL,ACROPETAL.NS,Acropetal Technologies Limited
ADFFOODS,ADFFOODS.NS,ADF Foods Limited
ADHUNIK,ADHUNIK.NS,Adhunik Metaliks Limited
ADORWELD,ADORWELD.NS,Ador Welding Limited
ADSL,ADSL.NS,Allied Digital Services Limited
ADVANTA,ADVANTA.NS,Advanta India Limited
AEGISCHEM,AEGISCHEM.NS,Aegis Logistics Limited
AFL,AFL.NS,Accel Frontline Limited
AFTEK,AFTEK.NS,Aftek Limited
AGCNET,AGCNET.NS,AGC Networks Limited
AGRODUTCH,AGRODUTCH.NS,Agro Dutch Industries Limited
AHLEAST,AHLEAST.NS,Asian Hotels (East) Limited
AHLUCONT,AHLUCONT.NS,Ahluwalia Contracts (India) Limited
AHLWEST,AHLWEST.NS,Asian Hotels (West) Limited
AHMEDFORGE,AHMEDFORG.NS,Ahmednagar Forgings Limited
AIAENG,AIAENG.NS,AIA Engineering Limited
AJANTPHARM,AJANTPHAR.NS,Ajanta Pharma Limited
AJMERA,AJMERA.NS,Ajmera Realty & Infra India Limited
AKZOINDIA,AKZOINDIA.NS,Akzo Nobel India Limited
ALCHEM,ALCHEM.NS,Alchemist Limited
ALEMBICLTD,ALEMBICLT.NS,Alembic Limited
ALICON,ALICON.NS,Alicon Castalloy Limited
ALKALI,ALKALI.NS,Alkali Metals Limited
ALKYLAMINE,ALKYLAMIN.NS,Alkyl Amines Chemicals Limited
ALLCARGO,ALLCARGO.NS,Allcargo Logistics Limited
ALMONDZ,ALMONDZ.NS,Almondz Global Securities Limited
ALPA,ALPA.NS,Alpa Laboratories Limited
ALPSINDUS,ALPSINDUS.NS,Alps Industries Limited
ALSTOMT&D,ALSTOMT&D.NS,Alstom T&D India Limited
AMAR,AMAR.NS,Amar Remedies Limited
AMARAJABAT,AMARAJABA.NS,Amara Raja Batteries Limited
AMBIKCO,AMBIKCO.NS,Ambika Cotton Mills Limited
AMDIND,AMDIND.NS,AMD Industries Limited
AMRUTANJAN,AMRUTANJA.NS,Amrutanjan Health Care Limited
AMTEKAUTO,AMTEKAUTO.NS,Amtek Auto Limited
AMTEKINDIA,AMTEKINDI.NS,Amtek India Limited
ANANTRAJ,ANANTRAJ.NS,Anant Raj Industries Limited
ANDHRACEMT,ANDHRACEM.NS,Andhra Cements Limited
ANDHRSUGAR,ANDHRSUGA.NS,The Andhra Sugars Limited
ANIKINDS,ANIKINDS.NS,Anik Industries Limited
ANSALAPI,ANSALAPI.NS,Ansal Properties & Infrastructure Limited
ANSALHSG,ANSALHSG.NS,Ansal Housing and Construction Limited
APARINDS,APARINDS.NS,Apar Industries Limited
APCOTEXIND,APCOTEXIN.NS,Apcotex Industries Limited
APLAB,APLAB.NS,Aplab Limited
APLAPOLLO,APLAPOLLO.NS,APL Apollo Tubes Limited
APLLTD,APLLTD.NS,Alembic Pharmaceuticals Limited
APOLLOHOSP,APOLLOHOS.NS,Apollo Hospitals Enterprise Limited
APPAPER,APPAPER.NS,The Andhra Pradesh Paper Mills Limited
APTECHT,APTECHT.NS,Aptech Limited
AQUA,AQUA.NS,Aqua Logistics Limited
ARCHIES,ARCHIES.NS,Archies Limited
ARIES,ARIES.NS,Aries Agro Limited
ARSHIYA,ARSHIYA.NS,Arshiya International Limited
ARVINDREM,ARVINDREM.NS,Arvind Remedies Limited
ASAHIINDIA,ASAHIINDI.NS,Asahi India Glass Limited
ASAHISONG,ASAHISONG.NS,Asahi Songwon Colors Limited
ASAL,ASAL.NS,Automotive Stampings and Assemblies Limited
ASHIANA,ASHIANA.NS,Ashiana Housing Limited
ASHOKA,ASHOKA.NS,Ashoka Buildcon Limited
ASIANHOTNR,ASIANHOTN.NS,Asian Hotels (North) Limited
ASSAMCO,ASSAMCO.NS,Assam Company India Limited
ASTEC,ASTEC.NS,Astec LifeSciences Limited
ASTERSILI,ASTERSILI.NS,Aster Silicates Limited
ASTRAL,ASTRAL.NS,Astral Poly Technik Limited
ASTRAMICRO,ASTRAMICR.NS,Astra Microwave Products Limited
ASTRAZEN,ASTRAZEN.NS,AstraZeneca Pharma India Limited
ATFL,ATFL.NS,Agro Tech Foods Limited
ATLANTA,ATLANTA.NS,Atlanta Limited
ATNINTER,ATNINTER.NS,ATN International Limited
ATUL,ATUL.NS,Atul Limited
AURIONPRO,AURIONPRO.NS,Aurionpro Solutions Limited
AUTOAXLES,AUTOAXLES.NS,Automotive Axles Limited
AUTOIND,AUTOIND.NS,Autoline Industries Limited
AUTOLITIND,AUTOLITIN.NS,Autolite (India) Limited
AVANTI,AVANTI.NS,Avanti Feeds Limited
AVTNPL,AVTNPL.NS,AVT Natural Products Limited
AXISGOLD,AXISGOLD.NS,Axis Mutual Fund - Axis Gold ETF
AXIS-IT&T,AXIS-IT&T.NS,Axis-IT&T Limited
BAJAJCORP,BAJAJCORP.NS,Bajaj Corp Limited
BAJAJELEC,BAJAJELEC.NS,Bajaj Electricals Limited
BAJAJFINSV,BAJAJFINS.NS,Bajaj Finserv Limited
BAJFINANCE,BAJFINANC.NS,Bajaj Finance Limited
BALAJITELE,BALAJITEL.NS,Balaji Telefilms Limited
BALAMINES,BALAMINES.NS,Balaji Amines Limited
BALKRISIND,BALKRISIN.NS,Balkrishna Industries Limited
BALLARPUR,BALLARPUR.NS,Ballarpur Industries Limited
BALMLAWRIE,BALMLAWRI.NS,Balmer Lawrie & Company Limited
BALPHARMA,BALPHARMA.NS,Bal Pharma Limited
BANARISUG,BANARISUG.NS,Bannari Amman Sugars Limited
BANCOINDIA,BANCOINDI.NS,Banco Products (I) Limited
BANKBEES,BANKBEES.NS,Benchmark Asset Management Company Pvt. Limited
BANSWRAS,BANSWRAS.NS,Banswara Syntex Limited
BARTRONICS,BARTRONIC.NS,Bartronics India Limited
BASF,BASF.NS,BASF India Limited
BASML,BASML.NS,Bannari Amman Spinning Mills Limited
BAYERCROP,BAYERCROP.NS,Bayer Cropscience Limited
BBL,BBL.NS,Bharat Bijlee Limited
BBTC,BBTC.NS,Bombay Burmah Trading Corporation Limited
BEPL,BEPL.NS,Bhansali Engineering Polymers Limited
BERGEPAINT,BERGEPAIN.NS,Berger Paints (I) Limited
BFINVEST,BFINVEST.NS,BF Investment Limited
BHAGWATIHO,BHAGWATIH.NS,Bhagwati Banquets and Hotels Limited
BHAGYNAGAR,BHAGYNAGA.NS,Bhagyanagar India Limited
BHARATFORG,BHARATFOR.NS,Bharat Forge Limited
BHARATRAS,BHARATRAS.NS,Bharat Rasayan Limited
BHARTISHIP,BHARTISHI.NS,Bharati Shipyard Limited
BIL,BIL.NS,Bhartiya International Limited
BIMETAL,BIMETAL.NS,Bimetal Bearings Limited
BINANIIND,BINANIIND.NS,Binani Industries Limited
BIRLACORPN,BIRLACORP.NS,Birla Corporation Limited
BIRLAERIC,BIRLAERIC.NS,Birla Ericsson Optical Limited
BIRLAMONEY,BIRLAMONE.NS,Aditya Birla Money Limited
BIRLAPOWER,BIRLAPOWE.NS,Birla Power Solutions Limited
BLISSGVS,BLISSGVS.NS,Bliss GVS Pharma Limited
BLKASHYAP,BLKASHYAP.NS,B. L. Kashyap and Sons Limited
BLUECHIP,BLUECHIP.NS,Blue Chip India Limited
BLUEDART,BLUEDART.NS,Blue Dart Express Limited
BLUESTARCO,BLUESTARC.NS,Blue Star Limited
BLUESTINFO,BLUESTINF.NS,Blue Star Infotech Limited
BOC,BOC.NS,BOC India Limited
BPL,BPL.NS,BPL Limited
BRANDHOUSE,BRANDHOUS.NS,Brandhouse Retails Limited
BRFL,BRFL.NS,Bombay Rayon Fashions Limited
BRIGADE,BRIGADE.NS,Brigade Enterprises Limited
BRITANNIA,BRITANNIA.NS,Britannia Industries Limited
BSELINFRA,BSELINFRA.NS,BSEL Infrastructure Realty Limited
BSLGOLDETF,BSLGOLDET.NS,Birla Sun Life Mutual Fund - Birla Sun Life Gold ETF - Growth
BSLNIFTY,BSLNIFTY.NS,Birla Sun Life Mutual Fund - Birla Sun Life Nifty ETF - Growth
BSTRANSCOM,BSTRANSCO.NS,BS TransComm Limited
BURNPUR,BURNPUR.NS,Burnpur Cement Limited
CADILAHC,CADILAHC.NS,Cadila Healthcare Limited
CANDC,CANDC.NS,C & C Constructions Limited
CANFINHOME,CANFINHOM.NS,Can Fin Homes Limited
CANTABIL,CANTABIL.NS,Cantabil Retail India Limited
CARBORUNIV,CARBORUNI.NS,Carborundum Universal Limited
CAREERP,CAREERP.NS,Career Point Limited
CASTROL,CASTROL.NS,Castrol India Limited
CCL,CCL.NS,CCL Products (India) Limited
CEATLTD,CEATLTD.NS,CEAT Limited
CEBBCO,CEBBCO.NS,Commercial Engineers & Body Builders Co Limited
CENTENKA,CENTENKA.NS,Century Enka Limited
CENTEXT,CENTEXT.NS,Century Extrusions Limited
CENTUM,CENTUM.NS,Centum Electronics Limited
CENTURYPLY,CENTURYPL.NS,Century Plyboards (India) Limited
CERA,CERA.NS,Cera Sanitaryware Limited
CHEMFALKAL,CHEMFALKA.NS,Chemfab Alkalis Limited
CHENNPETRO,CHENNPETR.NS,Chennai Petroleum Corporation Limited
CHETTINAD,CHETTINAD.NS,Chettinad Cement Corporation Limited
CHOLAFIN,CHOLAFIN.NS,Cholamandalam Investment and Finance Company Limited
CHROMATIC,CHROMATIC.NS,Chromatic India Limited
CILNOVA,CILNOVA.NS,CIL Nova Petrochemicals Limited
CIMMCO,CIMMCO.NS,Cimmco Limited
CINEPRO,CINEPRO.NS,Cinemax Properties Limited
CLASSIC,CLASSIC.NS,Classic Diamonds (India) Limited
CLNINDIA,CLNINDIA.NS,Clariant Chemicals (India) Limited
CMAHENDRA,CMAHENDRA.NS,C. Mahendra Exports Limited
COMPUAGE,COMPUAGE.NS,Compuage Infocom Limited
COMPUSOFT,COMPUSOFT.NS,Compucom Software Limited
CONCOR,CONCOR.NS,Container Corporation of India Limited
CONSOFINVT,CONSOFINV.NS,Consolidated Finvest & Holdings Limited
CORDSCABLE,CORDSCABL.NS,Cords Cable Industries Limited
COROMANDEL,COROMANDE.NS,Coromandel International Limited
CORPBANK,CORPBANK.NS,Corporation Bank
COSMOFILMS,COSMOFILM.NS,Cosmo Films Limited
COX&KINGS,COX&KINGS.NS,Cox & Kings Limited
CREATIVEYE,CREATIVEY.NS,Creative Eye Limited
CRESTANI,CRESTANI.NS,Crest Animation Studios Limited
CREWBOS,CREWBOS.NS,Crew B.O.S. Products Limited
CRISIL,CRISIL.NS,CRISIL Limited
CRMFGETF,CRMFGETF.NS,Canara Robeco Mutual Fund - Canara Robeco - Gold ETF
CUB,CUB.NS,City Union Bank Limited
CYBERTECH,CYBERTECH.NS,Cybertech Systems And Software Limited
DAAWAT,DAAWAT.NS,LT Foods Limited
DALMIABEL,DALMIABEL.NS,Dalmia Bharat Enterprises Limited
DALMIASUG,DALMIASUG.NS,Dalmia Bharat Sugar and Industries Limited
DATAMATICS,DATAMATIC.NS,Datamatics Global Services Limited
DBCORP,DBCORP.NS,D.B.Corp Limited
DBSTOCKBRO,DBSTOCKBR.NS,DB (International) Stock Brokers Limited
DCHL,DCHL.NS,Deccan Chronicle Holdings Limited
DCMSRMCONS,DCMSRMCON.NS,DCM Shriram Consolidated Limited
DCW,DCW.NS,DCW Limited
DECCANCE,DECCANCE.NS,Deccan Cements Limited
DEEPAKFERT,DEEPAKFER.NS,Deepak Fertilizers and Petrochemicals Corporation Limited
DEEPAKNTR,DEEPAKNTR.NS,Deepak Nitrite Limited
DEEPIND,DEEPIND.NS,Deep Industries Limited
DEN,DEN.NS,Den Networks Limited
DENORA,DENORA.NS,De Nora India Limited
DENSO,DENSO.NS,Denso India Limited
DHAMPURSUG,DHAMPURSU.NS,The Dhampur Sugar Mills Limited
DHANBANK,DHANBANK.NS,Dhanlaxmi Bank Limited
DHANUKA,DHANUKA.NS,Dhanuka Agritech Limited
DHARSUGAR,DHARSUGAR.NS,Dharani Sugars & Chemicals Limited
DHFL,DHFL.NS,Dewan Housing Finance Corporation Limited
DIAPOWER,DIAPOWER.NS,Diamond Power Infra Ltd
DICIND,DICIND.NS,DIC India Limited
DIGJAM,DIGJAM.NS,Digjam Limited
DISHMAN,DISHMAN.NS,Dishman Pharmaceuticals and Chemicals Limited
DLINKINDIA,DLINKINDI.NS,D-Link (India) Limited
DOLPHINOFF,DOLPHINOF.NS,Dolphin Offshore Enterprises (India) Limited
DONEAR,DONEAR.NS,Donear Industries Limited
DPSCLTD,DPSCLTD.NS,DPSC Limited
DPTL,DPTL.NS,Dhunseri Petrochem & Tea Limited
DQE,DQE.NS,DQ Entertainment (International) Limited
DREDGECORP,DREDGECOR.NS,Dredging Corporation of India Limited
DSKULKARNI,DSKULKARN.NS,DS Kulkarni Developers Limited
DUNCANSIND,DUNCANSIN.NS,Duncans Industries Limited
DYNAMATECH,DYNAMATEC.NS,Dynamatic Technologies Limited
EASTSILK,EASTSILK.NS,Eastern Silk Industries Limited
ECEIND,ECEIND.NS,ECE Industries Limited
EDELWEISS,EDELWEISS.NS,Edelweiss Financial Services Limited
EDL,EDL.NS,Empee Distilleries Limited
EICHERMOT,EICHERMOT.NS,Eicher Motors Limited
EIDPARRY,EIDPARRY.NS,EID Parry India Limited
EIHAHOTELS,EIHAHOTEL.NS,EIH Associated Hotels Limited
EIHOTEL,EIHOTEL.NS,EIH Limited
EIMCOELECO,EIMCOELEC.NS,Eimco Elecon (India) Limited
EKC,EKC.NS,Everest Kanto Cylinder Limited
ELDERPHARM,ELDERPHAR.NS,Elder Pharmaceuticals Limited
ELECON,ELECON.NS,Elecon Engineering Company Limited
ELECTCAST,ELECTCAST.NS,Electrosteel Castings Limited
ELECTCAST,ELECTCAST.NS,Electrosteel Castings Limited
ELFORGE,ELFORGE.NS,EL Forge Limited
ELGIEQUIP,ELGIEQUIP.NS,Elgi Equipments Limited
ELGIRUBCO,ELGIRUBCO.NS,Elgi Rubber Company Limited
EMAMILTD,EMAMILTD.NS,Emami Limited
EMCO,EMCO.NS,Emco Limited
EMMBI,EMMBI.NS,Emmbi Polyarns Limited
ENERGYDEV,ENERGYDEV.NS,Energy Development Company Limited
ENGINERSIN,ENGINERSI.NS,Engineers India Limited
ENIL,ENIL.NS,Entertainment Network (India) Limited
EON,EON.NS,Eon Electric Limited
ERAINFRA,ERAINFRA.NS,Era Infra Engineering Limited
EROSMEDIA,EROSMEDIA.NS,Eros International Media Limited
ESABINDIA,ESABINDIA.NS,Esab India Limited
ESL,ESL.NS,Electrosteel Steels Limited
ESSARPORTS,ESSARPORT.NS,Essar Ports Limited
ESSARSHPNG,ESSARSHPN.NS,Essar Shipping Limited
ESSDEE,ESSDEE.NS,Ess Dee Aluminium Limited
ESSELPACK,ESSELPACK.NS,Essel Propack Limited
ESTER,ESTER.NS,Ester Industries Limited
EUROMULTI,EUROMULTI.NS,Euro Multivision Limited
EUROTEXIND,EUROTEXIN.NS,Eurotex Industries and Exports Limited
EVEREADY,EVEREADY.NS,Eveready Industries India Limited
EVERESTIND,EVERESTIN.NS,Everest Industries Limited
EVERONN,EVERONN.NS,Everonn Education Limited
EXCELCROP,EXCELCROP.NS,Excel Crop Care Limited
EXCELINDUS,EXCELINDU.NS,Excel Industries Limited
EXCELINFO,EXCELINFO.NS,Excel Infoways Limited
FACT,FACT.NS,Fertilizers and Chemicals Travancore Limited
FAGBEARING,FAGBEARIN.NS,FAG Bearings India Limited
FCH,FCH.NS,Future Capital Holdings Limited
FDC,FDC.NS,FDC Limited
FEDDERLOYD,FEDDERLOY.NS,Fedders Lloyd Corporation Limited
FIEMIND,FIEMIND.NS,Fiem Industries Limited
FILATEX,FILATEX.NS,Filatex India Limited
FINCABLES,FINCABLES.NS,Finolex Cables Limited
FINPIPE,FINPIPE.NS,Finolex Industries Limited
FIRSTLEASE,FIRSTLEAS.NS,First Leasing Company of India Limited
FIRSTWIN,FIRSTWIN.NS,First Winner Industries Limited
FKONCO,FKONCO.NS,Fresenius Kabi Oncology Limited
FLEXITUFF,FLEXITUFF.NS,Flexituff International Limited
FMGOETZE,FMGOETZE.NS,Federal-Mogul Goetze (India) Limited.
FMNL,FMNL.NS,Future Market Networks Limited
FOSECOIND,FOSECOIND.NS,Foseco India Limited
FOURSOFT,FOURSOFT.NS,Four Soft Limited
FSL,FSL.NS,Firstsource Solutions Limited
FUTUREVENT,FUTUREVEN.NS,Future Ventures India Limited
GABRIEL,GABRIEL.NS,Gabriel India Limited
GAEL,GAEL.NS,Gujarat Ambuja Exports Limited
GAL,GAL.NS,Gyscoal Alloys Limited
GALLANTT,GALLANTT.NS,Gallantt Metal Limited
GALLISPAT,GALLISPAT.NS,Gallantt Ispat Limited
GAMMNINFRA,GAMMNINFR.NS,Gammon Infrastructure Projects Limited
GAMMONIND,GAMMONIND.NS,Gammon India Limited
GANDHITUBE,GANDHITUB.NS,Gandhi Special Tubes Limited
GANESHHOUC,GANESHHOU.NS,Ganesh Housing Corporation Limited
GARDENSILK,GARDENSIL.NS,Garden Silk Mills Limited
GARWALLROP,GARWALLRO.NS,Garware Wall Ropes Limited
GATI,GATI.NS,GATI Limited
GAYAPROJ,GAYAPROJ.NS,Gayatri Projects Limited
GDL,GDL.NS,Gateway Distriparks Limited
GEECEE,GEECEE.NS,GeeCee Ventures Limited
GEINDSYS,GEINDSYS.NS,GEI Industrial Systems Limited
GEMINI,GEMINI.NS,Gemini Communication Limited
GENESYS,GENESYS.NS,Genesys International Corporation Limited
GENUSPOWER,GENUSPOWE.NS,Genus Power Infrastructures Limited
GEODESIC,GEODESIC.NS,Geodesic Limited
GEOJITBNPP,GEOJITBNP.NS,Geojit BNP Paribas Financial Services Limited
GEOMETRIC,GEOMETRIC.NS,Geometric Limited
GHCL,GHCL.NS,GHCL Limited
GICHSGFIN,GICHSGFIN.NS,GIC Housing Finance Limited
GILLANDERS,GILLANDER.NS,Gillanders Arbuthnot & Company Limited
GILLETTE,GILLETTE.NS,Gillette India Limited
GINNIFILA,GINNIFILA.NS,Ginni Filaments Limited
GIPCL,GIPCL.NS,Gujarat Industries Power Company Limited
GITANJALI,GITANJALI.NS,Gitanjali Gems Limited
GLENMARK,GLENMARK.NS,Glenmark Pharmaceuticals Limited
GLOBALVECT,GLOBALVEC.NS,Global Vectra Helicorp Limited
GLOBOFFS,GLOBOFFS.NS,Global Offshore Services Limited
GLOBUSSPR,GLOBUSSPR.NS,Globus Spirits Limited
GLODYNE,GLODYNE.NS,Glodyne Technoserve Limited
GLORY,GLORY.NS,Glory Polyfilms Limited
GMBREW,GMBREW.NS,GM Breweries Limited
GNFC,GNFC.NS,Gujarat Narmada Valley Fertilizer Company Limited
GOACARBON,GOACARBON.NS,Goa Carbon Limited
GODFRYPHLP,GODFRYPHL.NS,Godfrey Phillips India Limited
GODREJCP,GODREJCP.NS,Godrej Consumer Products Limited
GODREJPROP,GODREJPRO.NS,Godrej Properties Limited
GOENKA,GOENKA.NS,Goenka Diamond and Jewels Limited
GOKEX,GOKEX.NS,Gokaldas Exports Limited
GOKUL,GOKUL.NS,Gokul Refoils and Solvent Limited
GOLDBEES,GOLDBEES.NS,Benchmark Mutual Fund - Gold Benchmark Exchange Traded Scheme
GOLDIAM,GOLDIAM.NS,Goldiam International Limited
GOLDINFRA,GOLDINFRA.NS,Goldstone Infratech Limited
GOLDSHARE,GOLDSHARE.NS,UTI Mutual Fund - UTI Gold Exchange Traded Fund
GOLDTECH,GOLDTECH.NS,Goldstone Technologies Limited
GPIL,GPIL.NS,Godawari Power And Ispat limited
GPPL,GPPL.NS,Gujarat Pipavav Port Limited
GRANULES,GRANULES.NS,Granules India Limited
GRAPHITE,GRAPHITE.NS,Graphite India Limited
GRAVITA,GRAVITA.NS,Gravita India Limited
GREAVESCOT,GREAVESCO.NS,Greaves Cotton Limited
GREENPLY,GREENPLY.NS,Greenply Industries Limited
GREENPOWER,GREENPOWE.NS,Orient Green Power Company Limited
GRINDWELL,GRINDWELL.NS,Grindwell Norton Limited
GRUH,GRUH.NS,Gruh Finance Limited
GSFC,GSFC.NS,Gujarat State Fertilizers & Chemicals Limited
GSKCONS,GSKCONS.NS,GlaxoSmithKline Consumer Healthcare Limited
GSLNOVA,GSLNOVA.NS,GSL Nova Petrochemicals Limited
GSS,GSS.NS,GSS Infotech Limited
GTL,GTL.NS,GTL Limited
GTLINFRA,GTLINFRA.NS,GTL Infrastructure Limited
GTOFFSHORE,GTOFFSHOR.NS,Great Offshore Limited
GUJALKALI,GUJALKALI.NS,Gujarat Alkalies and Chemicals Limited
GUJAPOLLO,GUJAPOLLO.NS,Gujarat Apollo Industries Limited
GUJNRECOKE,GUJNRECOK.NS,Gujarat NRE Coke Limited
GUJNRECOKE,GUJNRECOK.NS,Gujarat NRE Coke Limited
GUJNREDVR,GUJNREDVR.NS,Gujarat NRE Coke Limited
GUJRATGAS,GUJRATGAS.NS,Gujarat Gas Company Limited
GUJSIDHCEM,GUJSIDHCE.NS,Gujarat Sidhee Cements Limited
GULFOILCOR,GULFOILCO.NS,Gulf Oil Corporation Limited
HANUNG,HANUNG.NS,Hanung Toys and Textiles Limited
HARITASEAT,HARITASEA.NS,Harita Seating Systems Limited
HARRMALAYA,HARRMALAY.NS,Harrisons Malayalam Limited
HATHWAY,HATHWAY.NS,Hathway Cable & Datacom Limited
HCIL,HCIL.NS,Himadri Chemicals and Industries Limited
HDFC,HDFC.NS,Housing Development Finance Corporation Limited
HDFCMFGETF,HDFCMFGET.NS,HDFC Mutual Fund-HDFC Gold Exchange Traded Fund
HEG,HEG.NS,HEG Limited
HEIDELBERG,HEIDELBER.NS,HeidelbergCement India Limited
HELIOSMATH,HELIOSMAT.NS,Helios And Matheson Information Technology Limited
HERCULES,HERCULES.NS,Hercules Hoists Limited
HERITGFOOD,HERITGFOO.NS,Heritage Foods (India) Limited
HFCL,HFCL.NS,Himachal Futuristic Communications Limited
HGS,HGS.NS,Hinduja Global Solutions Limited
HIKAL,HIKAL.NS,Hikal Limited
HIMATSEIDE,HIMATSEID.NS,Himatsingka Seide Limited
HINDCOMPOS,HINDCOMPO.NS,Hindustan Composites Limited
HINDCOPPER,HINDCOPPE.NS,Hindustan Copper Limited
HINDNATGLS,HINDNATGL.NS,Hindusthan National Glass & Industries Limited
HINDUJAFO,HINDUJAFO.NS,Hinduja Foundries Limited
HINDUJAVEN,HINDUJAVE.NS,Hinduja Ventures Limited
HIRAFERRO,HIRAFERRO.NS,Hira Ferro Alloys Limited
HIRECT,HIRECT.NS,Hind Rectifiers Limited
HITECHGEAR,HITECHGEA.NS,Hi-Tech Gears Limited
HITECHPLAS,HITECHPLA.NS,Hitech Plast Limited
HMT,HMT.NS,HMT Limited
HMVL,HMVL.NS,Hindustan Media Ventures Limited
HNGSNGBEES,HNGSNGBEE.NS,Benchmark Mutual Fund - Hang Seng Benchmark Exchange Traded Scheme
HOCL,HOCL.NS,Hindustan Organic Chemicals Limited
HONAUT,HONAUT.NS,Honeywell Automation India Limited
HONDAPOWER,HONDAPOWE.NS,Honda Siel Power Products Limited
HORIZONINF,HORIZONIN.NS,Horizon Infrastructure Limited
HOTELEELA,HOTELEELA.NS,Hotel Leela Venture Limited
HOVS,HOVS.NS,HOV Services Limited
HSIL,HSIL.NS,HSIL Limited
HTMEDIA,HTMEDIA.NS,HT Media Limited
HUBTOWN,HUBTOWN.NS,Hubtown Limited
HYDRBADIND,HYDRBADIN.NS,Hyderabad Industries Limited
HYDROS&S,HYDROS&S.NS,Hydro S & S Industries Limited
IBPOW,IBPOW.NS,Indiabulls Power Limited
ICRA,ICRA.NS,ICRA Limited
ICSA,ICSA.NS,ICSA (India) Limited
IDBIGOLD,IDBIGOLD.NS,IDBI Mutual Fund - IDBI Gold Exchange Traded Fund
IFBIND,IFBIND.NS,IFB Industries Limited
IFGLREFRAC,IFGLREFRA.NS,IFGL Refractories Limited
IGARASHI,IGARASHI.NS,Igarashi Motors India Limited
IIFLNIFTY,IIFLNIFTY.NS,IIFL Mutual Fund - IIFL NIFTY ETF
IL&FSENGG,IL&FSENGG.NS,IL&FS Engineering and Construction Company Limited
IL&FSTRANS,IL&FSTRAN.NS,IL&FS Transportation Networks Limited
IMFA,IMFA.NS,Indian Metals & Ferro Alloys Limited
IMPAL,IMPAL.NS,India Motor Parts and Accessories Limited
INDBANK,INDBANK.NS,Indbank Merchant Banking Services Limited
INDIABULLS,INDIABULL.NS,Indiabulls Financial Services Limited
INDIABULLS,INDIABULL.NS,Indiabulls Financial Services Limited
INDIAGLYCO,INDIAGLYC.NS,India Glycols Limited
INDIANHUME,INDIANHUM.NS,Indian Hume Pipe Company Limited
INDLMETER,INDLMETER.NS,IMP Powers Limited
INDNIPPON,INDNIPPON.NS,India Nippon Electricals Limited
INDOCO,INDOCO.NS,Indoco Remedies Limited
INDORAMA,INDORAMA.NS,Indo Rama Synthetics (India) Limited
INDOTECH,INDOTECH.NS,Indo Tech Transformers Limited
INDOTHAI,INDOTHAI.NS,Indo Thai Securities Limited
INDOWIND,INDOWIND.NS,Indowind Energy Limited
INDRAMEDCO,INDRAMEDC.NS,Indraprastha Medical Corporation Limited
INDSWFTLAB,INDSWFTLA.NS,Ind-Swift Laboratories Limited
INDSWFTLTD,INDSWFTLT.NS,Ind-Swift Limited
INDTERRAIN,INDTERRAI.NS,Indian Terrain Fashions Limited
INDUSFILA,INDUSFILA.NS,Indus Fila Limited
INFOMEDIA,INFOMEDIA.NS,Infomedia 18 Limited
INFOTECENT,INFOTECEN.NS,Infotech Enterprises Limited
INFRABEES,INFRABEES.NS,Benchmark Mutual Fund- Infrastructure Benchmark Exchange Traded Scheme
INGERRAND,INGERRAND.NS,Ingersoll Rand (India) Limited
INGVYSYABK,INGVYSYAB.NS,ING Vysya Bank Limited
INNOIND,INNOIND.NS,Innoventive Industries Limited
INOXLEISUR,INOXLEISU.NS,INOX Leisure Limited
INSECTICID,INSECTICI.NS,Insecticides (India) Limited
IOLCP,IOLCP.NS,IOL Chemicals and Pharmaceuticals Limited
IPCALAB,IPCALAB.NS,IPCA Laboratories Limited
IPGETF,IPGETF.NS,ICICI Prudential Mutual Fund - ICICI Prudential Gold ETF
IPRINGLTD,IPRINGLTD.NS,IP Rings Limited
ISFT,ISFT.NS,Intrasoft Technologies Limited
ISMTLTD,ISMTLTD.NS,ISMT Limited
ITDCEM,ITDCEM.NS,ITD Cementation India Limited
ITI,ITI.NS,ITI Limited
IVC,IVC.NS,IL&FS Investment Managers Limited
J&KBANK,J&KBANK.NS,The Jammu & Kashmir Bank Limited
JAGRAN,JAGRAN.NS,Jagran Prakashan Limited
JAGSNPHARM,JAGSNPHAR.NS,Jagsonpal Pharmaceuticals Limited
JAICORPLTD,JAICORPLT.NS,Jai Corp Limited
JAIHINDPRO,JAIHINDPR.NS,Jaihind Projects Limited
JAMNAAUTO,JAMNAAUTO.NS,Jamna Auto Industries Limited
JAYAGROGN,JAYAGROGN.NS,Jayant Agro Organics Limited
JAYBARMARU,JAYBARMAR.NS,Jay Bharat Maruti Limited
JAYNECOIND,JAYNECOIN.NS,Jayaswal Neco Industries Limited
JAYSREETEA,JAYSREETE.NS,Jayshree Tea & Industries Limited
JBCHEPHARM,JBCHEPHAR.NS,JB Chemicals & Pharmaceuticals Limited
JBFIND,JBFIND.NS,JBF Industries Limited
JBMA,JBMA.NS,JBM Auto Limited
JENSONICOL,JENSONICO.NS,Jenson & Nicholson (India) Limited
JHS,JHS.NS,JHS Svendgaard Laboratories Limited
JINDALPHOT,JINDALPHO.NS,Jindal Photo Limited
JINDALPOLY,JINDALPOL.NS,Jindal Poly Films Limited
JINDALSWHL,JINDALSWH.NS,Jindal South West Holdings Limited
JINDCOT,JINDCOT.NS,Jindal Cotex Limited
JINDRILL,JINDRILL.NS,Jindal Drilling And Industries Limited
JISLDVREQS,JISLDVREQ.NS,Jain Irrigation Systems Limited
JKCEMENT,JKCEMENT.NS,JK Cement Limited
JKIL,JKIL.NS,J.Kumar Infraprojects Limited
JKLAKSHMI,JKLAKSHMI.NS,JK Lakshmi Cement Limited
JKPAPER,JKPAPER.NS,JK Paper Limited
JKTYRE,JKTYRE.NS,JK Tyre & Industries Limited
JMCPROJECT,JMCPROJEC.NS,JMC Projects (India) Limited
JMFINANCIL,JMFINANCI.NS,JM Financial Limited
JMTAUTOLTD,JMTAUTOLT.NS,JMT Auto Limited
JOCIL,JOCIL.NS,Jocil Limited
JPINFRATEC,JPINFRATE.NS,Jaypee Infratech Limited
JSL,JSL.NS,Jindal Stainless Limited
JUBILANT,JUBILANT.NS,Jubilant Life Sciences Limited
JUBLINDS,JUBLINDS.NS,Jubilant Industries Limited
JUNIORBEES,JUNIORBEE.NS,Benchmark Mutual Fund-Nifty Junior Benchmark ETF
JVLAGRO,JVLAGRO.NS,JVL Agro Industries Limited
JYOTHYLAB,JYOTHYLAB.NS,Jyothy Laboratories Limited
JYOTISTRUC,JYOTISTRU.NS,Jyoti Structures Limited
JYOTISTRUC,JYOTISTRU.NS,Jyoti Structures Limited
KABRAEXTRU,KABRAEXTR.NS,Kabra Extrusion Technik Limited
KAJARIACER,KAJARIACE.NS,Kajaria Ceramics Limited
KALECONSUL,KALECONSU.NS,Kale Consultants Limited
KALINDEE,KALINDEE.NS,Kalindee Rail Nirman (Engineers) Limited
KALPATPOWR,KALPATPOW.NS,Kalpataru Power Transmission Limited
KAMATHOTEL,KAMATHOTE.NS,Kamat Hotels (I) Limited
KANORICHEM,KANORICHE.NS,Kanoria Chemicals & Industries Limited
KANSAINER,KANSAINER.NS,Kansai Nerolac Paints Limited
KARURVYSYA,KARURVYSY.NS,Karur Vysya Bank Limited
KAVVERITEL,KAVVERITE.NS,Kavveri Telecom Products Limited
KBIL,KBIL.NS,Kirloskar Brothers Investments Limited
KCP,KCP.NS,KCP Limited
KCPSUGIND,KCPSUGIND.NS,KCP Sugar and Industries Corporation Limited
KEC,KEC.NS,KEC International Limited
KECL,KECL.NS,Kirloskar Electric Company Limited
KEI,KEI.NS,KEI Industries Limited
KEMROCK,KEMROCK.NS,Kemrock Industries and Exports Limited
KERNEX,KERNEX.NS,Kernex Microsystems (India) Limited
KESORAMIND,KESORAMIN.NS,Kesoram Industries Limited
KFA,KFA.NS,Kingfisher Airlines Limited
KGL,KGL.NS,Karuturi Global Limited
KHAITANELE,KHAITANEL.NS,Khaitan Electricals Limited
KICL,KICL.NS,Kalyani Investment Company Limited
KIL,KIL.NS,Kamdhenu Ispat Limited
KILITCH,KILITCH.NS,Kilitch Drugs (India) Limited
KINETICMOT,KINETICMO.NS,Kinetic Motor Company Limited
KIRLOSBROS,KIRLOSBRO.NS,Kirloskar Brothers Limited
KIRLOSENG,KIRLOSENG.NS,Kirloskar Oil Engines Limited
KIRLOSIND,KIRLOSIND.NS,Kirloskar Industries Limited
KKCL,KKCL.NS,Kewal Kiran Clothing Limited
KMSUGAR,KMSUGAR.NS,K.M.Sugar Mills Limited
KNRCON,KNRCON.NS,KNR Constructions Limited
KOHINOOR,KOHINOOR.NS,Kohinoor Foods Limited
KOKUYOCMLN,KOKUYOCML.NS,Kokuyo Camlin Limited
KOLTEPATIL,KOLTEPATI.NS,Kolte - Patil Developers Limited
KOPRAN,KOPRAN.NS,Kopran Limited
KOTAKGOLD,KOTAKGOLD.NS,Kotak Mutual Fund - Gold Exchange Traded Fund
KOTAKNIFTY,KOTAKNIFT.NS,Kotak Mahindra Mutual Fund-Kotak Nifty ETF
KOTAKPSUBK,KOTAKPSUB.NS,Kotak Mahindra Mutual Fund 
KOTHARIPET,KOTHARIPE.NS,Kothari Petrochemicals Limited
KOTHARIPRO,KOTHARIPR.NS,Kothari Products Limited
KOUTONS,KOUTONS.NS,Koutons Retail India Limited
KPIT,KPIT.NS,KPIT Cummins Infosystems Limited
KPRMILL,KPRMILL.NS,K.P.R. Mill Limited
KRBL,KRBL.NS,KRBL Limited
KSBPUMPS,KSBPUMPS.NS,KSB Pumps Limited
KSCL,KSCL.NS,Kaveri Seed Company Limited
KSE,KSE.NS,KSE Limited
KSERASERA,KSERASERA.NS,K Sera Sera Limited
KSL,KSL.NS,Kalyani Steels Limited
KSOILS,KSOILS.NS,K S Oils Limited
KWALITY,KWALITY.NS,Kwality Dairy (India) Limited
L&TFH,L&TFH.NS,L&T Finance Holdings Limited
LAKPRE,LAKPRE.NS,Lakshmi Precision Screws Limited
LAKSHMIEFL,LAKSHMIEF.NS,Lakshmi Energy and Foods Limited
LAKSHMIMIL,LAKSHMIMI.NS,The Lakshmi Mills Company Limited
LAKSHVILAS,LAKSHVILA.NS,Lakshmi Vilas Bank Limited
LANCOIN,LANCOIN.NS,Lanco Industries Limited
LAOPALA,LAOPALA.NS,La Opala RG Limited
LAXMIMACH,LAXMIMACH.NS,Lakshmi Machine Works Limited
LCCINFOTEC,LCCINFOTE.NS,LCC Infotech Limited
LGBBROSLTD,LGBBROSLT.NS,LG Balakrishnan & Bros Limited
LGBFORGE,LGBFORGE.NS,LGB Forge Limited
LLOYDELENG,LLOYDELEN.NS,Lloyd Electric & Engineering Limited
LLOYDFIN,LLOYDFIN.NS,Lloyds Finance Limited
LML,LML.NS,LML Limited
LOGIXMICRO,LOGIXMICR.NS,Logix Microsystems Limited
LOKESHMACH,LOKESHMAC.NS,Lokesh Machines Limited
LOTUSEYE,LOTUSEYE.NS,Lotus Eye Care Hospital Limited
LOVABLE,LOVABLE.NS,Lovable Lingerie Limited
LPDC,LPDC.NS,Landmark Property Development Company Limited
LUMAXIND,LUMAXIND.NS,Lumax Industries Limited
LUMAXTECH,LUMAXTECH.NS,Lumax Auto Technologies Limited
M&MFIN,M&MFIN.NS,Mahindra & Mahindra Financial Services Limited
M100,M100.NS,Motilal Oswal Mutual Fund - Motilal Oswal MOSt Shares M100 ETF GO
M50,M50.NS,Motilal Oswal Mutual Fund - Motilal Oswal MOSt Shares M50 ETF
MADHAV,MADHAV.NS,Madhav Marbles and Granites Limited
MADHUCON,MADHUCON.NS,Madhucon Projects Limited
MADRASCEM,MADRASCEM.NS,Madras Cements Limited
MADRASFERT,MADRASFER.NS,Madras Fertilizers Limited
MAGMA,MAGMA.NS,Magma Fincorp Limited
MAGNUM,MAGNUM.NS,Magnum Ventures Limited
MAHABANK,MAHABANK.NS,Bank of Maharashtra
MAHINDFORG,MAHINDFOR.NS,Mahindra Forgings Limited
MAHINDUGIN,MAHINDUGI.NS,Mahindra Ugine Steel Company Limited
MAHLIFE,MAHLIFE.NS,Mahindra Lifespace Developers Limited
MAHSCOOTER,MAHSCOOTE.NS,Maharashtra Scooters Limited
MAHSEAMLES,MAHSEAMLE.NS,Maharashtra Seamless Limited
MANAKSIA,MANAKSIA.NS,Manaksia Limited
MANALIPETC,MANALIPET.NS,Manali Petrochemicals Limited
MANDHANA,MANDHANA.NS,Mandhana Industries Limited
MANGALAM,MANGALAM.NS,Mangalam Drugs And Organics Limited
MANGCHEFER,MANGCHEFE.NS,Mangalore Chemicals & Fertilizers Limited
MANGTIMBER,MANGTIMBE.NS,Mangalam Timber Products Limited
MANINDS,MANINDS.NS,Man Industries (India) Limited
MANINFRA,MANINFRA.NS,Man Infraconstruction Limited
MANJEERA,MANJEERA.NS,Manjeera Constructions Limited
MANJUSHREE,MANJUSHRE.NS,Manjushree Technopack Limited
MANUGRAPH,MANUGRAPH.NS,Manugraph India Limited
MARG,MARG.NS,Marg Limited
MARICO,MARICO.NS,Marico Limited
MASTEK,MASTEK.NS,Mastek Limited
MAXWELL,MAXWELL.NS,Maxwell Industries Limited
MBECL,MBECL.NS,Mcnally Bharat Engineering Company Limited
MBLINFRA,MBLINFRA.NS,MBL Infrastructures Limited
MCX,MCX.NS,Multi Commodity Exchange of India Limited
MEGASOFT,MEGASOFT.NS,Megasoft Limited
MEGH,MEGH.NS,Meghmani Organics Limited
MERCATOR,MERCATOR.NS,Mercator Limited
MERCK,MERCK.NS,Merck Limited
METKORE,METKORE.NS,Metkore Alloys & Industries Limited
MGOLD,MGOLD.NS,Motilal Oswal Mutual Fund - Motilal Oswal MOSt Shares Gold ETF
MHRIL,MHRIL.NS,Mahindra Holidays & Resorts India Limited
MIC,MIC.NS,MIC Electronics Limited
MICROSEC,MICROSEC.NS,Microsec Financial Services Limited
MICROTECH,MICROTECH.NS,Micro Technologies (India) Limited
MINDAIND,MINDAIND.NS,Minda Industries Limited
MIRCELECTR,MIRCELECT.NS,MIRC Electronics Limited
MIRZAINT,MIRZAINT.NS,Mirza International Limited
MMFL,MMFL.NS,MM Forgings Limited
MMFSL,MMFSL.NS,Money Matters Financial Services Limited
MMTC,MMTC.NS,MMTC Limited
MOIL,MOIL.NS,MOIL Limited
MONNETISPA,MONNETISP.NS,Monnet Ispat and Energy Limited
MONSANTO,MONSANTO.NS,Monsanto India Limited
MOREPENLAB,MOREPENLA.NS,Morepen Laboratories Limited
MOSERBAER,MOSERBAER.NS,Moser-Baer (I) Limited
MOTHERSUMI,MOTHERSUM.NS,Motherson Sumi Systems Limited
MOTILALOFS,MOTILALOF.NS,Motilal Oswal Financial Services Limited
MOTOGENFIN,MOTOGENFI.NS,The Motor & General Finance Limited
MPSLTD,MPSLTD.NS,MPS Limited
MRO-TEK,MRO-TEK.NS,MRO-TEK Limited
MSPL,MSPL.NS,MSP Steel & Power Limited
MTEDUCARE,MTEDUCARE.NS,MT Educare Limited
MUKANDENGG,MUKANDENG.NS,Mukand Engineers Limited
MUKANDLTD,MUKANDLTD.NS,Mukand Limited
MUKTAARTS,MUKTAARTS.NS,Mukta Arts Limited
MUNJALSHOW,MUNJALSHO.NS,Munjal Showa Limited
MURLIIND,MURLIIND.NS,Murli Industries Limited
MURUDCERA,MURUDCERA.NS,Murudeshwar Ceramics Limited
MUTHOOTFIN,MUTHOOTFI.NS,Muthoot Finance Limited
MVL,MVL.NS,MVL Limited
MVLIND,MVLIND.NS,MVL Industries Limited
MYSOREBANK,MYSOREBAN.NS,State Bank of Mysore
N100,N100.NS,Motilal Oswal Mutual Fund-Motilal Oswal MOSt Shares NASDAQ 100 ETF -GO
NAGREEKEXP,NAGREEKEX.NS,Nagreeka Exports Limited
NAHARCAP,NAHARCAP.NS,Nahar Capital and Financial Services Limited
NAHARINDUS,NAHARINDU.NS,Nahar Industrial Enterprises Limited
NAHARPOLY,NAHARPOLY.NS,Nahar Poly Films Limited
NAHARSPING,NAHARSPIN.NS,Nahar Spinning Mills Limited
NANDANEXIM,NANDANEXI.NS,Nandan Exim Limited
NATCOPHARM,NATCOPHAR.NS,Natco Pharma Limited
NATHSEED,NATHSEED.NS,Nath Seeds Limited
NATIONALUM,NATIONALU.NS,National Aluminium Company Limited
NATNLSTEEL,NATNLSTEE.NS,National Steel And Agro Industries Limited
NAVINFLUOR,NAVINFLUO.NS,Navin Fluorine International Limited
NAVNETPUBL,NAVNETPUB.NS,Navneet Publications India Limited
NBCC,NBCC.NS,National Buildings Construction Corporation Limited
NBVENTURES,NBVENTURE.NS,Nava Bharat Ventures Limited
NDTV,NDTV.NS,New Delhi Television Limited
NECLIFE,NECLIFE.NS,Nectar Lifesciences Limited
NELCAST,NELCAST.NS,Nelcast Limited
NELCO,NELCO.NS,NELCO Limited
NEPCMICON,NEPCMICON.NS,NEPC India Limited
NESCO,NESCO.NS,Nesco Limited
NESTLEIND,NESTLEIND.NS,Nestle India Limited
NET4,NET4.NS,Net 4 India Limited
NETWORK18,NETWORK18.NS,Network18 Media & Investments Limited
NEXTMEDIA,NEXTMEDIA.NS,Next Mediaworks Limited
NEYVELILIG,NEYVELILI.NS,Neyveli Lignite Corporation Limited
NFL,NFL.NS,National Fertilizers Limited
NICCO,NICCO.NS,Nicco Corporation Limited
NIFTYBEES,NIFTYBEES.NS,Benchmark Mutual Fund
NIITLTD,NIITLTD.NS,NIIT Limited
NIITTECH,NIITTECH.NS,NIIT Technologies Limited
NILKAMAL,NILKAMAL.NS,Nilkamal Limited
NIPPOBATRY,NIPPOBATR.NS,Nippo Batteries Company Limited
NITCO,NITCO.NS,Nitco Limited
NITESHEST,NITESHEST.NS,Nitesh Estates Limited
NITINFIRE,NITINFIRE.NS,Nitin Fire Protection Industries Limited
NITINSPIN,NITINSPIN.NS,Nitin Spinners Limited
NOCIL,NOCIL.NS,NOCIL Limited
NOIDATOLL,NOIDATOLL.NS,Noida Toll Bridge Company Limited
NORBTEAEXP,NORBTEAEX.NS,Norben Tea & Exports Limited
NRBBEARING,NRBBEARIN.NS,NRB Bearing Limited
NRC,NRC.NS,NRC Limited
NUCLEUS,NUCLEUS.NS,Nucleus Software Exports Limited
OBEROIRLTY,OBEROIRLT.NS,Oberoi Realty Limited
OCL,OCL.NS,OCL India Limited
OILCOUNTUB,OILCOUNTU.NS,Oil Country Tubular Limited
OISL,OISL.NS,OCL Iron and Steel Limited
OMAXAUTO,OMAXAUTO.NS,Omax Autos Limited
OMAXE,OMAXE.NS,Omaxe Limited
OMKARCHEM,OMKARCHEM.NS,Omkar Speciality Chemicals Limited
OMMETALS,OMMETALS.NS,OM Metals Infraprojects Limited
OMNITECH,OMNITECH.NS,Omnitech Infosolutions Limited
ONELIFECAP,ONELIFECA.NS,Onelife Capital Advisors Limited
ONWARDTEC,ONWARDTEC.NS,Onward Technologies Limited
ORBITCORP,ORBITCORP.NS,Orbit Corporation Limited
ORIENTABRA,ORIENTABR.NS,Orient Abrasives Limited
ORIENTALTL,ORIENTALT.NS,Oriental Trimex Limited
ORIENTBELL,ORIENTBEL.NS,Orient Bell Limited
ORIENTHOT,ORIENTHOT.NS,Oriental Hotels Limited
ORIENTLTD,ORIENTLTD.NS,Orient Press Limited
ORIENTPPR,ORIENTPPR.NS,Orient Paper & Industries Limited
ORIENTREF,ORIENTREF.NS,Orient Refractories Limited
ORISSAMINE,ORISSAMIN.NS,The Orissa Minerals Development Company Limited
PAEL,PAEL.NS,PAE Limited
PAGEIND,PAGEIND.NS,Page Industries Limited
PANACEABIO,PANACEABI.NS,Panacea Biotec Limited
PANAMAPET,PANAMAPET.NS,Panama Petrochem Limited
PANCARBON,PANCARBON.NS,Panasonic Carbon India Company Limited
PANORAMUNI,PANORAMUN.NS,Panoramic Universal Limited
PAPERPROD,PAPERPROD.NS,The Paper Products Limited
PARABDRUGS,PARABDRUG.NS,Parabolic Drugs Limited
PARACABLES,PARACABLE.NS,Paramount Communications Limited
PARAPRINT,PARAPRINT.NS,Paramount Printpackaging Limited
PARASPETRO,PARASPETR.NS,Paras Petrofils Limited
PARSVNATH,PARSVNATH.NS,Parsvnath Developers Limited
PATINTLOG,PATINTLOG.NS,Patel Integrated Logistics Limited
PDPL,PDPL.NS,Parenteral Drugs (India) Limited
PDUMJEPULP,PDUMJEPUL.NS,Pudumjee Pulp & Paper Mills Limited
PENIND,PENIND.NS,Pennar Industries Limited
PENINLAND,PENINLAND.NS,Peninsula Land Limited
PERSISTENT,PERSISTEN.NS,Persistent Systems Limited
PETRONENGG,PETRONENG.NS,Petron Engineering Construction Limited
PFIZER,PFIZER.NS,Pfizer Limited
PFOCUS,PFOCUS.NS,Prime Focus Limited
PFS,PFS.NS,PTC India Financial Services Limited
PGHH,PGHH.NS,Procter & Gamble Hygiene and Health Care Limited
PHILIPCARB,PHILIPCAR.NS,Phillips Carbon Black Limited
PHOENIXLTD,PHOENIXLT.NS,The Phoenix Mills Limited
PIDILITIND,PIDILITIN.NS,Pidilite Industries Limited
PIIND,PIIND.NS,PI Industries Limited
PIPAVAVDOC,PIPAVAVDO.NS,Pipavav Defence and Offshore Engineering Company Limited
PIRGLASS,PIRGLASS.NS,Piramal Glass Limited
PITTILAM,PITTILAM.NS,Pitti Laminations Limited
PLASTIBLEN,PLASTIBLE.NS,Plastiblends India Limited
PLETHICO,PLETHICO.NS,Plethico Pharmaceuticals Limited
PNBGILTS,PNBGILTS.NS,PNB Gilts Limited
PNC,PNC.NS,Pritish Nandy Communications Limited
POCHIRAJU,POCHIRAJU.NS,Pochiraju Industries Limited
POLYMED,POLYMED.NS,Poly Medicure Limited
POLYPLEX,POLYPLEX.NS,Polyplex Corporation Limited
PONDYOXIDE,PONDYOXID.NS,Pondy Oxides & Chemicals Limited
PONNIERODE,PONNIEROD.NS,Ponni Sugars (Erode) Limited
PPAP,PPAP.NS,Precision Pipes And Profiles Company Limited
PRADIP,PRADIP.NS,Pradip Overseas Limited
PRAKASH,PRAKASH.NS,Prakash Industries Limited
PRAKASHCON,PRAKASHCO.NS,Prakash Constrowell Limited
PRAKASHSTL,PRAKASHST.NS,Prakash Steelage Limited
PRATIBHA,PRATIBHA.NS,Pratibha Industries Limited
PRECOT,PRECOT.NS,Precot Meridian Limited
PRECWIRE,PRECWIRE.NS,Precision Wires India Limited
PREMIER,PREMIER.NS,Premier Limited
PRESTIGE,PRESTIGE.NS,Prestige Estates Projects Limited
PRETAILDVR,PRETAILDV.NS,Pantaloon Retail (India) Limited
PRIMESECU,PRIMESECU.NS,Prime Securities Limited
PRISMCEM,PRISMCEM.NS,Prism Cement Limited
PRITHVI,PRITHVI.NS,Prithvi Information Solutions Limited
PSB,PSB.NS,Punjab & Sind Bank
PSL,PSL.NS,PSL Limited
PSUBNKBEES,PSUBNKBEE.NS,Benchmark Mutual Fund - PSU Bank Benchmark Exchange Traded Scheme 
PTL,PTL.NS,PTL Enterprises Limited
PUNJABCHEM,PUNJABCHE.NS,Punjab Chemicals & Crop Protection Limited
PURVA,PURVA.NS,Puravankara Projects Limited
PVR,PVR.NS,PVR Limited
QGOLDHALF,QGOLDHALF.NS,Quantum Gold Fund -Exchange Traded Fund (ETF)
QNIFTY,QNIFTY.NS,Quantum Index Fund -Exchange Traded Fund (ETF)
RADAAN,RADAAN.NS,Radaan Mediaworks India Limited
RADICO,RADICO.NS,Radico Khaitan Limited
RAINBOWPAP,RAINBOWPA.NS,Rainbow Papers Limited
RAINCOM,RAINCOM.NS,Rain Commodities Limited
RAJESHEXPO,RAJESHEXP.NS,Rajesh Exports Limited
RAJOIL,RAJOIL.NS,Raj Oil Mills Limited
RAJPALAYAM,RAJPALAYA.NS,Rajapalayam Mills Limited
RAJTV,RAJTV.NS,Raj Television Network Limited
RAJVIR,RAJVIR.NS,Rajvir Industries Limited
RALLIS,RALLIS.NS,Rallis India Limited
RAMANEWS,RAMANEWS.NS,Rama Newsprint and Papers Limited
RAMCOIND,RAMCOIND.NS,Ramco Industries Limited
RAMCOSYS,RAMCOSYS.NS,Ramco Systems Limited
RAMSARUP,RAMSARUP.NS,Ramsarup Industries Limited
RANEENGINE,RANEENGIN.NS,Rane Engine Valve Limited
RANEHOLDIN,RANEHOLDI.NS,Rane Holdings Limited
RATNAMANI,RATNAMANI.NS,Ratnamani Metals & Tubes Limited
RBL,RBL.NS,Rane Brake Lining Limited
RBN,RBN.NS,Reliance Broadcast Network Limited
RCF,RCF.NS,Rashtriya Chemicals and Fertilizers Limited
REDINGTON,REDINGTON.NS,Redington (India) Limited
REIAGROLTD,REIAGROLT.NS,Rei Agro Limited
RELAXO,RELAXO.NS,Relaxo Footwears Limited
RELBANK,RELBANK.NS,Reliance Mutual Fund -Banking Exchange Traded Fund (ETF)
RELGOLD,RELGOLD.NS,Reliance Mutual Fund - Gold Exchange Traded Fund 
RELGRNIFTY,RELGRNIFT.NS,Religare Mutual Fund - Religare Nifty Exchange Traded Fund
RELIGARE,RELIGARE.NS,Religare Enterprises Limited
RELIGAREGO,RELIGAREG.NS,Religare Mutual Fund - Religare Gold Exchange Traded Fund
RELMEDIA,RELMEDIA.NS,Reliance MediaWorks Limited
REPRO,REPRO.NS,Repro India Limited
RESPONIND,RESPONIND.NS,Responsive Industries Limited
REVATHI,REVATHI.NS,Revathi Equipment Limited
RICOAUTO,RICOAUTO.NS,Rico Auto Industries Limited
RIIL,RIIL.NS,Reliance Industrial Infrastructure Limited
RJL,RJL.NS,Renaissance Jewellery Limited
RKDL,RKDL.NS,Ravi Kumar Distilleries Limited
RKFORGE,RKFORGE.NS,Ramkrishna Forgings Limited
RMCL,RMCL.NS,Radha Madhav Corporation Limited
RML,RML.NS,Rane (Madras) Limited
ROHITFERRO,ROHITFERR.NS,Rohit Ferro-Tech Limited
ROHLTD,ROHLTD.NS,Royal Orchid Hotels Limited
ROMAN,ROMAN.NS,Roman Tarmat Limited
RPPINFRA,RPPINFRA.NS,R.P.P. Infra Projects Limited
RSYSTEMS,RSYSTEMS.NS,R Systems International Limited
RUBYMILLS,RUBYMILLS.NS,The Ruby Mills Limited
RUCHINFRA,RUCHINFRA.NS,Ruchi Infrastructure Limited
RUCHIRA,RUCHIRA.NS,Ruchira Papers Limited
RUPA,RUPA.NS,Rupa & Company Limited
RUSHIL,RUSHIL.NS,Rushil Decor Limited
SABTN,SABTN.NS,Sri Adhikari Brothers Television Network Limited
SADBHAV,SADBHAV.NS,Sadbhav Engineering Limited
SAGCEM,SAGCEM.NS,Sagar Cements Limited
SAHPETRO,SAHPETRO.NS,Sah Petroleums Limited
SAKSOFT,SAKSOFT.NS,Saksoft Limited
SAKUMA,SAKUMA.NS,Sakuma Exports Limited
SALORAINTL,SALORAINT.NS,Salora International Limited
SALSTEEL,SALSTEEL.NS,S.A.L. Steel Limited
SAMBANDAM,SAMBANDAM.NS,Sambandam Spinning Mills Limited
SANDESH,SANDESH.NS,The Sandesh Limited
SANGAMIND,SANGAMIND.NS,Sangam (India) Limited
SANGHIIND,SANGHIIND.NS,Sanghi Industries Limited
SANGHVIFOR,SANGHVIFO.NS,Sanghvi Forging and Engineering Limited
SANGHVIMOV,SANGHVIMO.NS,Sanghvi Movers Limited
SANOFI,SANOFI.NS,Sanofi India Limited
SARDAEN,SARDAEN.NS,Sarda Energy & Minerals Limited
SAREGAMA,SAREGAMA.NS,Saregama India Limited
SARLAPOLY,SARLAPOLY.NS,Sarla Performance Fibers Limited
SASKEN,SASKEN.NS,Sasken Communication Technologies Limited
SATHAISPAT,SATHAISPA.NS,Sathavahana Ispat Limited
SATYAMCOMP,SATYAMCOM.NS,Satyam Computer Services Limited
SAVERA,SAVERA.NS,Savera Industries Limited
SB&TINTL,SB&TINTL.NS,SB&T International Limited
SBBJ,SBBJ.NS,State Bank of Bikaner and Jaipur
SBIGETS,SBIGETS.NS,SBI Mutual Fund - SBI Gold Exchange Traded Scheme - Growth Option #
SBT,SBT.NS,State Bank of Travancore
SCHNEIDER,SCHNEIDER.NS,Schneider Electric Infrastructure Limited
SEAMECLTD,SEAMECLTD.NS,Seamec Limited
SEINV,SEINV.NS,S.E. Investments Limited
SELAN,SELAN.NS,Selan Exploration Technology Limited
SERVALL,SERVALL.NS,Servalakshmi Paper Limited
SESHAPAPER,SESHAPAPE.NS,Seshasayee Paper and Boards Limited
SGJHL,SGJHL.NS,Shree Ganesh Jewellery House Limited
SHAKTIPUMP,SHAKTIPUM.NS,Shakti Pumps (India) Limited
SHARIABEES,SHARIABEE.NS,Benchmark Mutual Fund - Shariah Benchmark Exchange Traded Scheme (ETF) #
SHARONBIO,SHARONBIO.NS,Sharon Bio-Medicine Limited
SHARRESLTD,SHARRESLT.NS,Sharyans Resources Limited
SHASUNPHAR,SHASUNPHA.NS,Shasun Pharmaceuticals Limited
SHILPAMED,SHILPAMED.NS,Shilpa Medicare Limited
SHIV-VANI,SHIV-VANI.NS,Shiv-Vani Oil & Gas Exploration Services Limited
SHLAKSHMI,SHLAKSHMI.NS,Shri Lakshmi Cotsyn Limited
SHOPERSTOP,SHOPERSTO.NS,Shoppers Stop Limited
SHREEASHTA,SHREEASHT.NS,Shree Ashtavinayak Cine Vision Limited
SHREECEM,SHREECEM.NS,Shree Cements Limited
SHREERAMA,SHREERAMA.NS,Shree Rama Multi-Tech Limited
SHRENUJ,SHRENUJ.NS,Shrenuj & Company Limited
SHRIRAMCIT,SHRIRAMCI.NS,Shriram City Union Finance Limited
SHRIRAMEPC,SHRIRAMEP.NS,Shriram EPC Limited
SHYAMTEL,SHYAMTEL.NS,Shyam Telecom Limited
SICAGEN,SICAGEN.NS,Sicagen India Limited
SICAL,SICAL.NS,Sical Logistics Limited
SIGNETIND,SIGNETIND.NS,Signet Industries Limited
SILINV,SILINV.NS,SIL Investments Limited
SIMPLEX,SIMPLEX.NS,Simplex Projects Limited
SIMPLEXINF,SIMPLEXIN.NS,Simplex Infrastructures Limited
SIRPAPER,SIRPAPER.NS,The Sirpur Paper Mills Limited
SITASHREE,SITASHREE.NS,Sita Shree Food Products Limited
SIYSIL,SIYSIL.NS,Siyaram Silk Mills Limited
SJVN,SJVN.NS,SJVN Limited
SKFINDIA,SKFINDIA.NS,SKF India Limited
SKMEGGPROD,SKMEGGPRO.NS,SKM Egg Products Export (India) Limited
SKSMICRO,SKSMICRO.NS,SKS Microfinance Limited
SMARTLINK,SMARTLINK.NS,Smartlink Network Systems Limited
SMLISUZU,SMLISUZU.NS,SML Isuzu Limited
SMPL,SMPL.NS,Sujana Metal Products Limited
SMSPHARMA,SMSPHARMA.NS,SMS Pharmaceuticals Limited
SOFTTECHGR,SOFTTECHG.NS,Software Technology Group International Limited
SOLARINDS,SOLARINDS.NS,Solar Industries India Limited
SOMANYCERA,SOMANYCER.NS,Somany Ceramics Limited
SONASTEER,SONASTEER.NS,Sona Koyo Steering Systems Limited
SONATSOFTW,SONATSOFT.NS,Sonata Software Limited
SOTL,SOTL.NS,Savita Oil Technologies Limited
SOUISPAT,SOUISPAT.NS,Southern Ispat And Energy Limited
SPANCO,SPANCO.NS,Spanco Limited
SPARC,SPARC.NS,Sun Pharma Advanced Research Company Limited
SPECIALITY,SPECIALIT.NS,Speciality Restaurants Limited
SPECTACLE,SPECTACLE.NS,Spectacle Infotek Limited
SPIC,SPIC.NS,Southern Petrochemicals Industries Corporation Limited
SPMLINFRA,SPMLINFRA.NS,SPML Infra Limited
SRF,SRF.NS,SRF Limited
SRHHLINDST,SRHHLINDS.NS,SRHHL Industries Limited
SRSLTD,SRSLTD.NS,SRS Limited
SSWL,SSWL.NS,Steel Strips Wheels Limited
STAN,STAN.NS,Standard Chartered PLC
STAR,STAR.NS,Strides Arcolab Limited
STCINDIA,STCINDIA.NS,The State Trading Corporation of India Limited
STEL,STEL.NS,Stel Holdings Limited
STERTOOLS,STERTOOLS.NS,Sterling Tools Limited
STYABS,STYABS.NS,Styrolution ABS (India) Limited
SUBEX,SUBEX.NS,Subex Limited
SUBROS,SUBROS.NS,Subros Limited
SUDAR,SUDAR.NS,Sudar Garments Limited
SUDARSCHEM,SUDARSCHE.NS,Sudarshan Chemical Industries Limited
SUJANAUNI,SUJANAUNI.NS,Sujana Universal Industries Limited
SUMEETINDS,SUMEETIND.NS,Sumeet Industries Limited
SUMMITSEC,SUMMITSEC.NS,Summit Securities Limited
SUNCLAYTON,SUNCLAYTO.NS,Sundaram Clayton Limited
SUNDARAM,SUNDARAM.NS,Sundaram Multi Pap Limited
SUNDARMFIN,SUNDARMFI.NS,Sundaram Finance Limited
SUNDRMBRAK,SUNDRMBRA.NS,Sundaram Brake Linings Limited
SUNDRMFAST,SUNDRMFAS.NS,Sundram Fasteners Limited
SUNFLAG,SUNFLAG.NS,Sunflag Iron And Steel Company Limited
SUNILHITEC,SUNILHITE.NS,Sunil Hitech Engineers Limited
SUNTECK,SUNTECK.NS,Sunteck Realty Limited
SUPER,SUPER.NS,Super Sales India Limited
SUPPETRO,SUPPETRO.NS,Supreme Petrochem Limited
SUPRAJIT,SUPRAJIT.NS,Suprajit Engineering Limited
SUPREMEIND,SUPREMEIN.NS,Supreme Industries Limited
SUPREMEINF,SUPREMEIN.NS,Supreme Infrastructure India Limited
SURAJDIAMN,SURAJDIAM.NS,Su-Raj Diamonds and Jewellery Limited
SURANAIND,SURANAIND.NS,Surana Industries Limited
SURANAT&P,SURANAT&P.NS,Surana Telecom and Power Limited
SURANAVEL,SURANAVEL.NS,Surana Ventures Limited
SURYALAXMI,SURYALAXM.NS,Suryalakshmi Cotton Mills Limited
SURYAROSNI,SURYAROSN.NS,Surya Roshni Limited
SUTLEJTEX,SUTLEJTEX.NS,Sutlej Textiles and Industries Limited
SUVEN,SUVEN.NS,Suven Life Sciences Limited
SWANENERGY,SWANENERG.NS,Swan Energy Limited
SWARAJENG,SWARAJENG.NS,Swaraj Engines Limited
SYMPHONY,SYMPHONY.NS,Symphony Limited
SYNCOM,SYNCOM.NS,Syncom Healthcare Limited
TAJGVK,TAJGVK.NS,Taj GVK Hotels & Resorts Limited
TALBROAUTO,TALBROAUT.NS,Talbros Automotive Components Limited
TALWALKARS,TALWALKAR.NS,Talwalkars Better Value Fitness Limited
TANLA,TANLA.NS,Tanla Solutions Limited
TANTIACONS,TANTIACON.NS,Tantia Constructions Limited
TATAELXSI,TATAELXSI.NS,Tata Elxsi Limited
TATAINVEST,TATAINVES.NS,Tata Investment Corporation Limited
TATAMETALI,TATAMETAL.NS,Tata Metaliks Limited
TATASPONGE,TATASPONG.NS,Tata Sponge Iron Limited
TBZ,TBZ.NS,Tribhovandas Bhimji Zaveri Limited
TCI,TCI.NS,Transport Corporation of India Limited
TCIDEVELOP,TCIDEVELO.NS,TCI Developers Limited
TDPOWERSYS,TDPOWERSY.NS,TD Power Systems Limited
TECHNO,TECHNO.NS,Techno Electric & Engineering Company Limited
TECHNOFAB,TECHNOFAB.NS,Technofab Engineering Limited
TECPRO,TECPRO.NS,Tecpro Systems Limited
TEXINFRA,TEXINFRA.NS,Texmaco Infrastructure & Holdings Limited
TEXRAIL,TEXRAIL.NS,Texmaco Rail & Engineering Limited
TFCILTD,TFCILTD.NS,Tourism Finance Corporation of India Limited
THANGAMAYL,THANGAMAY.NS,Thangamayil Jewellery Limited
THEBYKE,THEBYKE.NS,The Byke Hospitality Limited
THEMISMED,THEMISMED.NS,Themis Medicare Limited
THERMAX,THERMAX.NS,Thermax Limited
THOMASCOOK,THOMASCOO.NS,Thomas Cook (India) Limited
TI,TI.NS,Tilaknagar Industries Limited
TIDEWATER,TIDEWATER.NS,Tide Water Oil Company (India) Limited
TIIL,TIIL.NS,Technocraft Industries (India) Limited
TIJARIA,TIJARIA.NS,Tijaria Polypipes Limited
TIL,TIL.NS,TIL Limited
TIMBOR,TIMBOR.NS,Timbor Home Limited
TIMETECHNO,TIMETECHN.NS,Time Technoplast Limited
TIMKEN,TIMKEN.NS,Timken India Limited
TINPLATE,TINPLATE.NS,The Tinplate Company of India Limited
TIPSINDLTD,TIPSINDLT.NS,TIPS Industries Limited
TNPETRO,TNPETRO.NS,Tamilnadu PetroProducts Limited
TNPL,TNPL.NS,Tamil Nadu Newsprint & Papers Limited
TODAYS,TODAYS.NS,Todays Writing Instruments Limited
TOKYOPLAST,TOKYOPLAS.NS,Tokyo Plast International Limited
TORNTPHARM,TORNTPHAR.NS,Torrent Pharmaceuticals Limited
TORNTPOWER,TORNTPOWE.NS,Torrent Power Limited
TREEHOUSE,TREEHOUSE.NS,Tree House Education & Accessories Limited
TRENT,TRENT.NS,Trent Limited
TRF,TRF.NS,TRF Limited
TRIDENT,TRIDENT.NS,Trident Limited
TRIGYN,TRIGYN.NS,Trigyn Technologies Limited
TRIL,TRIL.NS,Transformers And Rectifiers (India) Limited
TRITURBINE,TRITURBIN.NS,Triveni Turbine Limited
TRIVENI,TRIVENI.NS,Triveni Engineering & Industries Limited
TTKHEALTH,TTKHEALTH.NS,TTK Healthcare Limited
TUBEINVEST,TUBEINVES.NS,Tube Investments of India Limited
TULSI,TULSI.NS,Tulsi Extrusions Limited
TULSYAN,TULSYAN.NS,Tulsyan Nec Limited
TV18BRDCST,TV18BRDCS.NS,TV18 Broadcast Limited
TVSELECT,TVSELECT.NS,TVS Electronics Limited
TVSSRICHAK,TVSSRICHA.NS,TVS Srichakra Limited
TVTODAY,TVTODAY.NS,TV Today Network Limited
TWILITAKA,TWILITAKA.NS,Twilight Litaka Pharma Limited
TWL,TWL.NS,Titagarh Wagons Limited
UBENGG,UBENGG.NS,UB Engineering Limited
UBHOLDINGS,UBHOLDING.NS,United Breweries (Holdings) Limited
UBL,UBL.NS,United Breweries Limited
UCALFUEL,UCALFUEL.NS,Ucal Fuel Systems Limited
UFLEX,UFLEX.NS,UFLEX Limited
UGARSUGAR,UGARSUGAR.NS,The Ugar Sugar Works Limited
UNICHEMLAB,UNICHEMLA.NS,Unichem Laboratories Limited
UNIENTER,UNIENTER.NS,Uniphos Enterprises Limited
UNITEDBNK,UNITEDBNK.NS,United Bank of India
UNITY,UNITY.NS,Unity Infraprojects Limited
UNIVCABLES,UNIVCABLE.NS,Universal Cables Limited
USHAMART,USHAMART.NS,Usha Martin Limited
USHERAGRO,USHERAGRO.NS,Usher Agro Limited
UTTAMSTL,UTTAMSTL.NS,Uttam Galva Steels Limited
VADILALIND,VADILALIN.NS,Vadilal Industries Limited
VAIBHAVGEM,VAIBHAVGE.NS,Vaibhav Gems Limited
VAKRANSOFT,VAKRANSOF.NS,Vakrangee Softwares Limited
VALECHAENG,VALECHAEN.NS,Valecha Engineering Limited
VALUEIND,VALUEIND.NS,Value Industries Limited
VARDHACRLC,VARDHACRL.NS,Vardhman Acrylics Limited
VARUNSHIP,VARUNSHIP.NS,Varun Shipping Company Limited
VASCONEQ,VASCONEQ.NS,Vascon Engineers Limited
VASWANI,VASWANI.NS,Vaswani Industries Limited
VENKEYS,VENKEYS.NS,Venky's (India) Limited
VENUSREM,VENUSREM.NS,Venus Remedies Limited
VESUVIUS,VESUVIUS.NS,Vesuvius India Limited
VGUARD,VGUARD.NS,V-Guard Industries Limited
VHL,VHL.NS,Vardhman Holdings Limited
VIKASGLOB,VIKASGLOB.NS,Vikas GlobalOne Limited
VINATIORGA,VINATIORG.NS,Vinati Organics Limited
VINDHYATEL,VINDHYATE.NS,Vindhya Telelinks Limited
VIPUL,VIPUL.NS,Vipul Limited
VISAKAIND,VISAKAIND.NS,Visaka Industries Limited
VISASTEEL,VISASTEEL.NS,Visa Steel Limited
VISESHINFO,VISESHINF.NS,Visesh Infotecnics Limited
VISUINTL,VISUINTL.NS,Visu International Limited
VIVIMEDLAB,VIVIMEDLA.NS,Vivimed Labs Limited
VOLTAMP,VOLTAMP.NS,Voltamp Transformers Limited
VSSL,VSSL.NS,Vardhman Special Steels Limited
VSTIND,VSTIND.NS,VST Industries Limited
VSTTILLERS,VSTTILLER.NS,V.S.T Tillers Tractors Limited
VTL,VTL.NS,Vardhman Textiles Limited
VTXIND,VTXIND.NS,VTX Industries Limited
WABAG,WABAG.NS,VA Tech Wabag Limited
WABCOINDIA,WABCOINDI.NS,WABCO India Limited
WENDT,WENDT.NS,Wendt (India) Limited
WHEELS,WHEELS.NS,Wheels India Limited
WHIRLPOOL,WHIRLPOOL.NS,Whirlpool of India Limited
WILLAMAGOR,WILLAMAGO.NS,Williamson Magor & Company Limited
WOCKPHARMA,WOCKPHARM.NS,Wockhardt Limited
WSTCSTPAPR,WSTCSTPAP.NS,West Coast Paper Mills Limited
WYETH,WYETH.NS,Wyeth Limited
XCHANGING,XCHANGING.NS,Xchanging Solutions Limited
XLENERGY,XLENERGY.NS,XL Energy Limited
XPROINDIA,XPROINDIA.NS,Xpro India Limited
ZANDUREALT,ZANDUREAL.NS,Zandu Realty Limited
ZENITHBIR,ZENITHBIR.NS,Zenith Birla (India) Limited
ZENITHINFO,ZENITHINF.NS,Zenith Infotech Limited
ZENSARTECH,ZENSARTEC.NS,Zensar Technologies Limited
ZICOM,ZICOM.NS,Zicom Electronic Security Systems Limited
ZODIACLOTH,ZODIACLOT.NS,Zodiac Clothing Company Limited
ZUARIAGRO,ZUARIAGRO.NS,Zuari Industries Limited
ZYDUSWELL,ZYDUSWELL.NS,Zydus Wellness Limited
ZYLOG,ZYLOG.NS,Zylog Systems Limited
ABAN,ABAN.NS,Aban Offshore Limited
ABB,ABB.NS,ABB Limited
ABIRLANUVO,ABIRLANUV.NS,Aditya Birla Nuvo Limited
ACC,ACC.NS,ACC Limited
ADANIENT,ADANIENT.NS,Adani Enterprises Limited
ADANIPORTS,ADANIPORT.NS,Adani Ports and Special Economic Zone Limited
ADANIPOWER,ADANIPOWE.NS,Adani Power Limited
AIL,AIL.NS,Alstom India Limited 
ALBK,ALBK.NS,Allahabad Bank
ALOKTEXT,ALOKTEXT.NS,Alok Industries Limited
AMBUJACEM,AMBUJACEM.NS,Ambuja Cements Limited
ANDHRABANK,ANDHRABAN.NS,Andhra Bank
APOLLOTYRE,APOLLOTYR.NS,Apollo Tyres Limited
ARVIND,ARVIND.NS,Arvind Limited
ASHOKLEY,ASHOKLEY.NS,Ashok Leyland Limited
ASIANPAINT,ASIANPAIN.NS,Asian Paints Limited
AUROPHARMA,AUROPHARM.NS,Aurobindo Pharma Limited
AXISBANK,AXISBANK.NS,Axis Bank Limited
BAJAJ-AUTO,BAJAJ-AUT.NS,Bajaj Auto Limited
BAJAJHIND,BAJAJHIND.NS,Bajaj Hindusthan Limited
BAJAJHLDNG,BAJAJHLDN.NS,Bajaj Holdings & Investment Limited
BALRAMCHIN,BALRAMCHI.NS,Balrampur Chini Mills Limited
BANKBARODA,BANKBAROD.NS,Bank of Baroda
BANKINDIA,BANKINDIA.NS,Bank of India
BATAINDIA,BATAINDIA.NS,Bata India Limited
BEL,BEL.NS,Bharat Electronics Limited
BEML,BEML.NS,BEML Limited
BFUTILITIE,BFUTILITI.NS,BF Utilities Limited
BGRENERGY,BGRENERGY.NS,BGR Energy Systems Limited
BHARATFORG,BHARATFOR.NS,Bharat Forge Limited
BHARTIARTL,BHARTIART.NS,Bharti Airtel Limited
BHEL,BHEL.NS,Bharat Heavy Electricals Limited
BHUSANSTL,BHUSANSTL.NS,Bhushan Steel Limited
BIOCON,BIOCON.NS,Biocon Limited
BOMDYEING,BOMDYEING.NS,Bombay Dyeing & Mfg Company Limited
BOSCHLTD,BOSCHLTD.NS,Bosch Limited
BPCL,BPCL.NS,Bharat Petroleum Corporation Limited
CAIRN,CAIRN.NS,Cairn India Limited
CANBK,CANBK.NS,Canara Bank
CENTRALBK,CENTRALBK.NS,Central Bank of India
CENTURYTEX,CENTURYTE.NS,Century Textiles & Industries Limited
CESC,CESC.NS,CESC Limited
CHAMBLFERT,CHAMBLFER.NS,Chambal Fertilizers & Chemicals Limited
CIPLA,CIPLA.NS,Cipla Limited
CMC,CMC.NS,CMC Limited
COALINDIA,COALINDIA.NS,Coal India Limited
COLPAL,COLPAL.NS,Colgate Palmolive (India) Limited
COREEDUTEC,COREEDUTE.NS,CORE Education & Technologies Limited
CROMPGREAV,CROMPGREA.NS,Crompton Greaves Limited
CUMMINSIND,CUMMINSIN.NS,Cummins India Limited
DABUR,DABUR.NS,Dabur India Limited
DCB,DCB.NS,Development Credit Bank Limited
DELTACORP,DELTACORP.NS,Delta Corp Limited
DENABANK,DENABANK.NS,Dena Bank
DISHTV,DISHTV.NS,Dish TV India Limited
DIVISLAB,DIVISLAB.NS,Divi's Laboratories Limited
DLF,DLF.NS,DLF Limited
DRREDDY,DRREDDY.NS,Dr. Reddy's Laboratories Limited
ECLERX,ECLERX.NS,eClerx Services Limited
EDUCOMP,EDUCOMP.NS,Educomp Solutions Limited
ESCORTS,ESCORTS.NS,Escorts Limited
ESSAROIL,ESSAROIL.NS,Essar Oil Limited
EXIDEIND,EXIDEIND.NS,Exide Industries Limited
FEDERALBNK,FEDERALBN.NS,The Federal Bank Limited
FINANTECH,FINANTECH.NS,Financial Technologies (India) Limited
FORTIS,FORTIS.NS,Fortis Healthcare (India) Limited
GAIL,GAIL.NS,GAIL (India) Limited
GESHIP,GESHIP.NS,The Great Eastern Shipping Company Limited
GLAXO,GLAXO.NS,GlaxoSmithKline Pharmaceuticals Limited
GMDCLTD,GMDCLTD.NS,Gujarat Mineral Development Corporation Limited
GMRINFRA,GMRINFRA.NS,GMR Infrastructure Limited
GODREJIND,GODREJIND.NS,Godrej Industries Limited
GRASIM,GRASIM.NS,Grasim Industries Limited
GSPL,GSPL.NS,Gujarat State Petronet Limited
GUJFLUORO,GUJFLUORO.NS,Gujarat Fluorochemicals Limited
GVKPIL,GVKPIL.NS,GVK Power & Infrastructure Limited
HAVELLS,HAVELLS.NS,Havells India Limited
HCC,HCC.NS,Hindustan Construction Company Limited
HCL-INSYS,HCL-INSYS.NS,HCL Infosystems Limited
HCLTECH,HCLTECH.NS,HCL Technologies Limited
HDFC,HDFC.NS,Housing Development Finance Corporation Limited
HDFCBANK,HDFCBANK.NS,HDFC Bank Limited
HDIL,HDIL.NS,Housing Development and Infrastructure Limited
HEROMOTOCO,HEROMOTOC.NS,Hero MotoCorp Limited
HEXAWARE,HEXAWARE.NS,Hexaware Technologies Limited
HINDALCO,HINDALCO.NS,Hindalco Industries Limited
HINDOILEXP,HINDOILEX.NS,Hindustan Oil Exploration Company Limited
HINDPETRO,HINDPETRO.NS,Hindustan Petroleum Corporation Limited
HINDUNILVR,HINDUNILV.NS,Hindustan Unilever Limited
HINDZINC,HINDZINC.NS,Hindustan Zinc Limited
IBREALEST,IBREALEST.NS,Indiabulls Real Estate Limited
ICICIBANK,ICICIBANK.NS,ICICI Bank Limited
IDBI,IDBI.NS,IDBI Bank Limited
IDEA,IDEA.NS,Idea Cellular Limited
IDFC,IDFC.NS,Infrastructure Development Finance Company Limited
IFCI,IFCI.NS,IFCI Limited
IGL,IGL.NS,Indraprastha Gas Limited
INDHOTEL,INDHOTEL.NS,The Indian Hotels Company Limited
INDIACEM,INDIACEM.NS,The India Cements Limited
INDIAINFO,INDIAINFO.NS,India Infoline Limited
INDIANB,INDIANB.NS,Indian Bank
INDUSINDBK,INDUSINDB.NS,IndusInd Bank Limited
INFY,INFY.NS,Infosys Limited
IOB,IOB.NS,Indian Overseas Bank
IOC,IOC.NS,Indian Oil Corporation Limited
IRB,IRB.NS,IRB Infrastructure Developers Limited
ITC,ITC.NS,ITC Limited
IVRCLINFRA,IVRCLINFR.NS,IVRCL Limited
JETAIRWAYS,JETAIRWAY.NS,Jet Airways (India) Limited
JINDALSAW,JINDALSAW.NS,Jindal Saw Limited
JINDALSTEL,JINDALSTE.NS,Jindal Steel & Power Limited
JISLJALEQS,JISLJALEQ.NS,Jain Irrigation Systems Limited
JPASSOCIAT,JPASSOCIA.NS,Jaiprakash Associates Limited
JPPOWER,JPPOWER.NS,Jaiprakash Power Ventures Limited
JSWENERGY,JSWENERGY.NS,JSW Energy Limited
JSWISPAT,JSWISPAT.NS,JSW ISPAT Steel Limited
JSWSTEEL,JSWSTEEL.NS,JSW Steel Limited
JUBLFOOD,JUBLFOOD.NS,Jubilant Foodworks Limited
KOTAKBANK,KOTAKBANK.NS,Kotak Mahindra Bank Limited
KTKBANK,KTKBANK.NS,The Karnataka Bank Limited
LICHSGFIN,LICHSGFIN.NS,LIC Housing Finance Limited
LITL,LITL.NS,Lanco Infratech Limited
LT,LT.NS,Larsen & Toubro Limited
LUPIN,LUPIN.NS,Lupin Limited
M&M,M&M.NS,Mahindra & Mahindra Limited
MARUTI,MARUTI.NS,Maruti Suzuki India Limited
MAX,MAX.NS,Max India Limited
MCDOWELL-N,MCDOWELL-.NS,United Spirits Limited
MCLEODRUSS,MCLEODRUS.NS,Mcleod Russel India Limited
MINDTREE,MINDTREE.NS,MindTree Limited
MPHASIS,MPHASIS.NS,MphasiS Limited
MRF,MRF.NS,MRF Limited
MRPL,MRPL.NS,Mangalore Refinery and Petrochemicals Limited
MTNL,MTNL.NS,Mahanagar Telephone Nigam Limited
NAGAROIL,NAGAROIL.NS,Nagarjuna Oil Refinery Limited
NAUKRI,NAUKRI.NS,Info Edge (India) Limited
NCC,NCC.NS,NCC Limited
NHPC,NHPC.NS,NHPC Limited
NMDC,NMDC.NS,NMDC Limited
NTPC,NTPC.NS,NTPC Limited
OFSS,OFSS.NS,Oracle Financial Services Software Limited
OIL,OIL.NS,Oil India Limited
ONGC,ONGC.NS,Oil & Natural Gas Corporation Limited
ONMOBILE,ONMOBILE.NS,OnMobile Global Limited
OPTOCIRCUI,OPTOCIRCU.NS,Opto Circuits (India) Limited
ORCHIDCHEM,ORCHIDCHE.NS,Orchid Chemicals & Pharmaceuticals Limited
ORIENTBANK,ORIENTBAN.NS,Oriental Bank of Commerce
PANTALOONR,PANTALOON.NS,Pantaloon Retail (India) Limited
PATELENG,PATELENG.NS,Patel Engineering Limited
PETRONET,PETRONET.NS,Petronet LNG Limited
PFC,PFC.NS,Power Finance Corporation Limited
PIRHEALTH,PIRHEALTH.NS,Piramal Healthcare Limited
PNB,PNB.NS,Punjab National Bank
POLARIS,POLARIS.NS,Polaris Financial Technology Limited
POWERGRID,POWERGRID.NS,Power Grid Corporation of India Limited
PRAJIND,PRAJIND.NS,Praj Industries Limited
PTC,PTC.NS,PTC India Limited
PUNJLLOYD,PUNJLLOYD.NS,Punj Lloyd Limited
RANBAXY,RANBAXY.NS,Ranbaxy Laboratories Limited
RAYMOND,RAYMOND.NS,Raymond Limited
RCOM,RCOM.NS,Reliance Communications Limited
RECLTD,RECLTD.NS,Rural Electrification Corporation Limited
RELCAPITAL,RELCAPITA.NS,Reliance Capital Limited
RELIANCE,RELIANCE.NS,Reliance Industries Limited
RELINFRA,RELINFRA.NS,Reliance Infrastructure Limited
RENUKA,RENUKA.NS,Shree Renuka Sugars Limited
ROLTA,ROLTA.NS,Rolta India Limited
RPOWER,RPOWER.NS,Reliance Power Limited
RUCHISOYA,RUCHISOYA.NS,Ruchi Soya Industries Limited
SAIL,SAIL.NS,Steel Authority of India Limited
SBIN,SBIN.NS,State Bank of India
SCI,SCI.NS,Shipping Corporation Of India Limited
SESAGOA,SESAGOA.NS,Sesa Goa Limited
SIEMENS,SIEMENS.NS,Siemens Limited
SINTEX,SINTEX.NS,Sintex Industries Limited
SKUMARSYNF,SKUMARSYN.NS,S. Kumars Nationwide Limited
SOBHA,SOBHA.NS,Sobha Developers Limited
SOUTHBANK,SOUTHBANK.NS,The South Indian Bank Limited
SREINFRA,SREINFRA.NS,SREI Infrastructure Finance Limited
SRTRANSFIN,SRTRANSFI.NS,Shriram Transport Finance Company Limited
STER,STER.NS,Sterlite Industries ( India ) Limited
STRTECH,STRTECH.NS,Sterlite Technologies Limited
SUNPHARMA,SUNPHARMA.NS,Sun Pharmaceuticals Industries Limited
SUNTV,SUNTV.NS,Sun TV Network Limited
SUZLON,SUZLON.NS,Suzlon Energy Limited
SYNDIBANK,SYNDIBANK.NS,Syndicate Bank
TATACHEM,TATACHEM.NS,Tata Chemicals Limited
TATACOFFEE,TATACOFFE.NS,Tata Coffee Limited
TATACOMM,TATACOMM.NS,Tata Communications Limited
TATAGLOBAL,TATAGLOBA.NS,Tata Global Beverages Limited
TATAMOTORS,TATAMOTOR.NS,Tata Motors Limited
TATAMTRDVR,TATAMTRDV.NS,Tata Motors Limited
TATAPOWER,TATAPOWER.NS,Tata Power Company Limited
TATASTEEL,TATASTEEL.NS,Tata Steel Limited
TCS,TCS.NS,Tata Consultancy Services Limited
TECHM,TECHM.NS,Tech Mahindra Limited
TITAN,TITAN.NS,Titan Industries Limited
TTKPRESTIG,TTKPRESTI.NS,TTK Prestige Limited
TTML,TTML.NS,Tata Teleservices (Maharashtra) Limited
TULIP,TULIP.NS,Tulip Telecom Limited
TVSMOTOR,TVSMOTOR.NS,TVS Motor Company Limited
UCOBANK,UCOBANK.NS,UCO Bank
ULTRACEMCO,ULTRACEMC.NS,UltraTech Cement Limited
UNIONBANK,UNIONBANK.NS,Union Bank of India
UNIPHOS,UNIPHOS.NS,United Phosphorus Limited
UNITECH,UNITECH.NS,Unitech Limited
VIDEOIND,VIDEOIND.NS,Videocon Industries Limited
VIJAYABANK,VIJAYABAN.NS,Vijaya Bank
VIPIND,VIPIND.NS,VIP Industries Limited
VOLTAS,VOLTAS.NS,Voltas Limited
WELCORP,WELCORP.NS,Welspun Corp Limited
WIPRO,WIPRO.NS,Wipro Limited
YESBANK,YESBANK.NS,Yes Bank Limited
ZEEL,ZEEL.NS,Zee Entertainment Enterprises Limited
